-- phpMyAdmin SQL Dump
-- version 5.1.0
-- https://www.phpmyadmin.net/
--
-- Host: 127.0.0.1
-- Generation Time: 22 سبتمبر 2021 الساعة 15:23
-- إصدار الخادم: 10.4.19-MariaDB
-- PHP Version: 8.0.6

SET SQL_MODE = "NO_AUTO_VALUE_ON_ZERO";
START TRANSACTION;
SET time_zone = "+00:00";


/*!40101 SET @OLD_CHARACTER_SET_CLIENT=@@CHARACTER_SET_CLIENT */;
/*!40101 SET @OLD_CHARACTER_SET_RESULTS=@@CHARACTER_SET_RESULTS */;
/*!40101 SET @OLD_COLLATION_CONNECTION=@@COLLATION_CONNECTION */;
/*!40101 SET NAMES utf8mb4 */;

--
-- Database: `shop_k`
--

-- --------------------------------------------------------

--
-- بنية الجدول `attributes`
--

CREATE TABLE `attributes` (
  `id` bigint(20) UNSIGNED NOT NULL,
  `name_en` varchar(50) COLLATE utf8mb4_unicode_ci NOT NULL,
  `name_ar` varchar(50) COLLATE utf8mb4_unicode_ci NOT NULL,
  `frontend_type` enum('select','radio','text','text_area','img') COLLATE utf8mb4_unicode_ci NOT NULL,
  `is_required` tinyint(1) NOT NULL DEFAULT 0,
  `created_at` timestamp NULL DEFAULT NULL,
  `updated_at` timestamp NULL DEFAULT NULL,
  `product_id` bigint(20) UNSIGNED NOT NULL
) ENGINE=InnoDB DEFAULT CHARSET=utf8mb4 COLLATE=utf8mb4_unicode_ci;

--
-- إرجاع أو استيراد بيانات الجدول `attributes`
--

INSERT INTO `attributes` (`id`, `name_en`, `name_ar`, `frontend_type`, `is_required`, `created_at`, `updated_at`, `product_id`) VALUES
(1, 'size', 'المقاس', 'select', 1, NULL, NULL, 79),
(2, 'size', 'المقاس', 'select', 1, '2021-09-20 14:25:57', '2021-09-20 14:25:57', 1),
(3, 'size', 'المقاس', 'select', 1, '2021-09-20 14:25:57', '2021-09-20 14:25:57', 2),
(4, 'size', 'المقاس', 'select', 1, '2021-09-20 14:25:57', '2021-09-20 14:25:57', 3),
(5, 'size', 'المقاس', 'select', 1, '2021-09-20 14:25:57', '2021-09-20 14:25:57', 4),
(6, 'size', 'المقاس', 'select', 1, '2021-09-20 14:25:57', '2021-09-20 14:25:57', 5),
(7, 'size', 'المقاس', 'select', 1, '2021-09-20 14:25:57', '2021-09-20 14:25:57', 6),
(8, 'size', 'المقاس', 'select', 1, '2021-09-20 14:25:57', '2021-09-20 14:25:57', 7),
(9, 'size', 'المقاس', 'select', 1, '2021-09-20 14:25:57', '2021-09-20 14:25:57', 8),
(10, 'size', 'المقاس', 'select', 1, '2021-09-20 14:25:57', '2021-09-20 14:25:57', 9),
(11, 'size', 'المقاس', 'select', 1, '2021-09-20 14:25:57', '2021-09-20 14:25:57', 10),
(12, 'size', 'المقاس', 'select', 1, '2021-09-20 14:25:57', '2021-09-20 14:25:57', 11),
(13, 'size', 'المقاس', 'select', 1, '2021-09-20 14:25:57', '2021-09-20 14:25:57', 12),
(14, 'size', 'المقاس', 'select', 1, '2021-09-20 14:25:58', '2021-09-20 14:25:58', 13),
(15, 'size', 'المقاس', 'select', 1, '2021-09-20 14:25:58', '2021-09-20 14:25:58', 14),
(16, 'size', 'المقاس', 'select', 1, '2021-09-20 14:25:58', '2021-09-20 14:25:58', 15),
(17, 'size', 'المقاس', 'select', 1, '2021-09-20 14:25:58', '2021-09-20 14:25:58', 16),
(18, 'size', 'المقاس', 'select', 1, '2021-09-20 14:25:58', '2021-09-20 14:25:58', 17),
(19, 'size', 'المقاس', 'select', 1, '2021-09-20 14:25:58', '2021-09-20 14:25:58', 18),
(20, 'size', 'المقاس', 'select', 1, '2021-09-20 14:25:58', '2021-09-20 14:25:58', 19),
(21, 'size', 'المقاس', 'select', 1, '2021-09-20 14:25:58', '2021-09-20 14:25:58', 20),
(22, 'size', 'المقاس', 'select', 1, '2021-09-20 14:25:58', '2021-09-20 14:25:58', 21),
(23, 'size', 'المقاس', 'select', 1, '2021-09-20 14:25:58', '2021-09-20 14:25:58', 22),
(24, 'size', 'المقاس', 'select', 1, '2021-09-20 14:25:58', '2021-09-20 14:25:58', 23),
(25, 'size', 'المقاس', 'select', 1, '2021-09-20 14:25:58', '2021-09-20 14:25:58', 24),
(26, 'size', 'المقاس', 'select', 1, '2021-09-20 14:25:58', '2021-09-20 14:25:58', 25),
(27, 'size', 'المقاس', 'select', 1, '2021-09-20 14:25:58', '2021-09-20 14:25:58', 26),
(28, 'size', 'المقاس', 'select', 1, '2021-09-20 14:25:58', '2021-09-20 14:25:58', 27),
(29, 'size', 'المقاس', 'select', 1, '2021-09-20 14:25:58', '2021-09-20 14:25:58', 28),
(30, 'size', 'المقاس', 'select', 1, '2021-09-20 14:25:58', '2021-09-20 14:25:58', 29),
(31, 'size', 'المقاس', 'select', 1, '2021-09-20 14:25:59', '2021-09-20 14:25:59', 30),
(32, 'size', 'المقاس', 'select', 1, '2021-09-20 14:25:59', '2021-09-20 14:25:59', 31),
(33, 'size', 'المقاس', 'select', 1, '2021-09-20 14:25:59', '2021-09-20 14:25:59', 32),
(34, 'size', 'المقاس', 'select', 1, '2021-09-20 14:25:59', '2021-09-20 14:25:59', 33),
(35, 'size', 'المقاس', 'select', 1, '2021-09-20 14:25:59', '2021-09-20 14:25:59', 34),
(36, 'size', 'المقاس', 'select', 1, '2021-09-20 14:25:59', '2021-09-20 14:25:59', 35),
(37, 'size', 'المقاس', 'select', 1, '2021-09-20 14:25:59', '2021-09-20 14:25:59', 36),
(38, 'size', 'المقاس', 'select', 1, '2021-09-20 14:25:59', '2021-09-20 14:25:59', 37),
(39, 'size', 'المقاس', 'select', 1, '2021-09-20 14:25:59', '2021-09-20 14:25:59', 38),
(40, 'size', 'المقاس', 'select', 1, '2021-09-20 14:25:59', '2021-09-20 14:25:59', 39),
(41, 'size', 'المقاس', 'select', 1, '2021-09-20 14:25:59', '2021-09-20 14:25:59', 40),
(42, 'size', 'المقاس', 'select', 1, '2021-09-20 14:25:59', '2021-09-20 14:25:59', 41),
(43, 'size', 'المقاس', 'select', 1, '2021-09-20 14:25:59', '2021-09-20 14:25:59', 42),
(44, 'size', 'المقاس', 'select', 1, '2021-09-20 14:25:59', '2021-09-20 14:25:59', 43),
(45, 'size', 'المقاس', 'select', 1, '2021-09-20 14:25:59', '2021-09-20 14:25:59', 44),
(46, 'size', 'المقاس', 'select', 1, '2021-09-20 14:25:59', '2021-09-20 14:25:59', 45),
(47, 'size', 'المقاس', 'select', 1, '2021-09-20 14:25:59', '2021-09-20 14:25:59', 46),
(48, 'size', 'المقاس', 'select', 1, '2021-09-20 14:25:59', '2021-09-20 14:25:59', 47),
(49, 'size', 'المقاس', 'select', 1, '2021-09-20 14:26:00', '2021-09-20 14:26:00', 48),
(50, 'size', 'المقاس', 'select', 1, '2021-09-20 14:26:00', '2021-09-20 14:26:00', 49),
(51, 'size', 'المقاس', 'select', 1, '2021-09-20 14:26:00', '2021-09-20 14:26:00', 50),
(52, 'size', 'المقاس', 'select', 1, '2021-09-20 14:26:00', '2021-09-20 14:26:00', 51),
(53, 'size', 'المقاس', 'select', 1, '2021-09-20 14:26:00', '2021-09-20 14:26:00', 52),
(54, 'size', 'المقاس', 'select', 1, '2021-09-20 14:26:00', '2021-09-20 14:26:00', 53),
(55, 'size', 'المقاس', 'select', 1, '2021-09-20 14:26:00', '2021-09-20 14:26:00', 54),
(56, 'size', 'المقاس', 'select', 1, '2021-09-20 14:26:00', '2021-09-20 14:26:00', 55),
(57, 'size', 'المقاس', 'select', 1, '2021-09-20 14:26:00', '2021-09-20 14:26:00', 56),
(58, 'size', 'المقاس', 'select', 1, '2021-09-20 14:26:00', '2021-09-20 14:26:00', 57),
(59, 'size', 'المقاس', 'select', 1, '2021-09-20 14:26:00', '2021-09-20 14:26:00', 58),
(60, 'size', 'المقاس', 'select', 1, '2021-09-20 14:26:00', '2021-09-20 14:26:00', 59),
(61, 'size', 'المقاس', 'select', 1, '2021-09-20 14:26:00', '2021-09-20 14:26:00', 60),
(62, 'size', 'المقاس', 'select', 1, '2021-09-20 14:26:00', '2021-09-20 14:26:00', 61),
(63, 'size', 'المقاس', 'select', 1, '2021-09-20 14:26:00', '2021-09-20 14:26:00', 62),
(64, 'size', 'المقاس', 'select', 1, '2021-09-20 14:26:00', '2021-09-20 14:26:00', 63),
(65, 'size', 'المقاس', 'select', 1, '2021-09-20 14:26:00', '2021-09-20 14:26:00', 64),
(66, 'size', 'المقاس', 'select', 1, '2021-09-20 14:26:00', '2021-09-20 14:26:00', 65),
(67, 'size', 'المقاس', 'select', 1, '2021-09-20 14:26:00', '2021-09-20 14:26:00', 66),
(68, 'size', 'المقاس', 'select', 1, '2021-09-20 14:26:00', '2021-09-20 14:26:00', 67),
(69, 'size', 'المقاس', 'select', 1, '2021-09-20 14:26:00', '2021-09-20 14:26:00', 68),
(70, 'size', 'المقاس', 'select', 1, '2021-09-20 14:26:00', '2021-09-20 14:26:00', 69),
(71, 'size', 'المقاس', 'select', 1, '2021-09-20 14:26:00', '2021-09-20 14:26:00', 70),
(72, 'size', 'المقاس', 'select', 1, '2021-09-20 14:26:00', '2021-09-20 14:26:00', 71),
(73, 'size', 'المقاس', 'select', 1, '2021-09-20 14:26:01', '2021-09-20 14:26:01', 72),
(74, 'size', 'المقاس', 'select', 1, '2021-09-20 14:26:01', '2021-09-20 14:26:01', 73),
(75, 'size', 'المقاس', 'select', 1, '2021-09-20 14:26:01', '2021-09-20 14:26:01', 74),
(76, 'size', 'المقاس', 'select', 1, '2021-09-20 14:26:01', '2021-09-20 14:26:01', 75),
(77, 'size', 'المقاس', 'select', 1, '2021-09-20 14:26:01', '2021-09-20 14:26:01', 76),
(78, 'size', 'المقاس', 'select', 1, '2021-09-20 14:26:01', '2021-09-20 14:26:01', 77),
(79, 'size', 'المقاس', 'select', 1, '2021-09-20 14:26:01', '2021-09-20 14:26:01', 78),
(80, 'size', 'المقاس', 'select', 1, '2021-09-20 14:26:01', '2021-09-20 14:26:01', 80),
(81, 'size', 'المقاس', 'select', 1, '2021-09-20 14:26:01', '2021-09-20 14:26:01', 81),
(82, 'size', 'المقاس', 'select', 1, '2021-09-20 14:26:01', '2021-09-20 14:26:01', 82),
(83, 'size', 'المقاس', 'select', 1, '2021-09-20 14:26:01', '2021-09-20 14:26:01', 83),
(84, 'size', 'المقاس', 'select', 1, '2021-09-20 14:26:01', '2021-09-20 14:26:01', 84),
(85, 'size', 'المقاس', 'select', 1, '2021-09-20 14:26:01', '2021-09-20 14:26:01', 85),
(86, 'size', 'المقاس', 'select', 1, '2021-09-20 14:26:01', '2021-09-20 14:26:01', 86),
(87, 'size', 'المقاس', 'select', 1, '2021-09-20 14:26:01', '2021-09-20 14:26:01', 87),
(88, 'size', 'المقاس', 'select', 1, '2021-09-20 14:26:01', '2021-09-20 14:26:01', 88),
(89, 'size', 'المقاس', 'select', 1, '2021-09-20 14:26:01', '2021-09-20 14:26:01', 89),
(90, 'size', 'المقاس', 'select', 1, '2021-09-20 14:26:01', '2021-09-20 14:26:01', 90),
(91, 'size', 'المقاس', 'select', 1, '2021-09-20 14:26:01', '2021-09-20 14:26:01', 91),
(92, 'size', 'المقاس', 'select', 1, '2021-09-20 14:26:01', '2021-09-20 14:26:01', 92),
(93, 'size', 'المقاس', 'select', 1, '2021-09-20 14:26:01', '2021-09-20 14:26:01', 93),
(94, 'size', 'المقاس', 'select', 1, '2021-09-20 14:26:02', '2021-09-20 14:26:02', 94),
(95, 'size', 'المقاس', 'select', 1, '2021-09-20 14:26:02', '2021-09-20 14:26:02', 95),
(96, 'size', 'المقاس', 'select', 1, '2021-09-20 14:26:02', '2021-09-20 14:26:02', 96),
(97, 'size', 'المقاس', 'select', 1, '2021-09-20 14:26:02', '2021-09-20 14:26:02', 97),
(98, 'size', 'المقاس', 'select', 1, '2021-09-20 14:26:02', '2021-09-20 14:26:02', 98),
(99, 'size', 'المقاس', 'select', 1, '2021-09-20 14:26:02', '2021-09-20 14:26:02', 99),
(100, 'size', 'المقاس', 'select', 1, '2021-09-20 14:26:02', '2021-09-20 14:26:02', 100),
(101, 'size', 'المقاس', 'select', 1, '2021-09-20 14:26:02', '2021-09-20 14:26:02', 101),
(102, 'size', 'المقاس', 'select', 1, '2021-09-20 14:26:02', '2021-09-20 14:26:02', 102),
(103, 'size', 'المقاس', 'select', 1, '2021-09-20 14:26:02', '2021-09-20 14:26:02', 103),
(104, 'size', 'المقاس', 'select', 1, '2021-09-20 14:26:02', '2021-09-20 14:26:02', 104),
(105, 'size', 'المقاس', 'select', 1, '2021-09-20 14:26:02', '2021-09-20 14:26:02', 105),
(106, 'size', 'المقاس', 'select', 1, '2021-09-20 14:26:02', '2021-09-20 14:26:02', 106),
(107, 'size', 'المقاس', 'select', 1, '2021-09-20 14:26:02', '2021-09-20 14:26:02', 107),
(108, 'size', 'المقاس', 'select', 1, '2021-09-20 14:26:02', '2021-09-20 14:26:02', 108),
(109, 'size', 'المقاس', 'select', 1, '2021-09-20 14:26:02', '2021-09-20 14:26:02', 109),
(110, 'size', 'المقاس', 'select', 1, '2021-09-20 14:26:02', '2021-09-20 14:26:02', 110),
(111, 'size', 'المقاس', 'select', 1, '2021-09-20 14:26:02', '2021-09-20 14:26:02', 111),
(112, 'size', 'المقاس', 'select', 1, '2021-09-20 14:26:02', '2021-09-20 14:26:02', 112),
(113, 'size', 'المقاس', 'select', 1, '2021-09-20 14:26:02', '2021-09-20 14:26:02', 113),
(114, 'size', 'المقاس', 'select', 1, '2021-09-20 14:26:02', '2021-09-20 14:26:02', 114),
(115, 'size', 'المقاس', 'select', 1, '2021-09-20 14:26:02', '2021-09-20 14:26:02', 115),
(116, 'size', 'المقاس', 'select', 1, '2021-09-20 14:26:03', '2021-09-20 14:26:03', 116),
(117, 'size', 'المقاس', 'select', 1, '2021-09-20 14:26:03', '2021-09-20 14:26:03', 117),
(118, 'size', 'المقاس', 'select', 1, '2021-09-20 14:26:03', '2021-09-20 14:26:03', 118),
(119, 'size', 'المقاس', 'select', 1, '2021-09-20 14:26:03', '2021-09-20 14:26:03', 119),
(120, 'size', 'المقاس', 'select', 1, '2021-09-20 14:26:03', '2021-09-20 14:26:03', 120),
(121, 'size', 'المقاس', 'select', 1, '2021-09-20 14:26:03', '2021-09-20 14:26:03', 121),
(122, 'size', 'المقاس', 'select', 1, '2021-09-20 14:26:03', '2021-09-20 14:26:03', 122),
(123, 'size', 'المقاس', 'select', 1, '2021-09-20 14:26:03', '2021-09-20 14:26:03', 123),
(124, 'size', 'المقاس', 'select', 1, '2021-09-20 14:26:03', '2021-09-20 14:26:03', 124),
(125, 'size', 'المقاس', 'select', 1, '2021-09-20 14:26:03', '2021-09-20 14:26:03', 125),
(126, 'size', 'المقاس', 'select', 1, '2021-09-20 14:26:03', '2021-09-20 14:26:03', 126),
(127, 'size', 'المقاس', 'select', 1, '2021-09-20 14:26:03', '2021-09-20 14:26:03', 127),
(128, 'size', 'المقاس', 'select', 1, '2021-09-20 14:26:03', '2021-09-20 14:26:03', 128),
(129, 'size', 'المقاس', 'select', 1, '2021-09-20 14:26:03', '2021-09-20 14:26:03', 129),
(130, 'size', 'المقاس', 'select', 1, '2021-09-20 14:26:03', '2021-09-20 14:26:03', 130),
(131, 'size', 'المقاس', 'select', 1, '2021-09-20 14:26:03', '2021-09-20 14:26:03', 131),
(132, 'size', 'المقاس', 'select', 1, '2021-09-20 14:26:03', '2021-09-20 14:26:03', 132),
(133, 'size', 'المقاس', 'select', 1, '2021-09-20 14:26:03', '2021-09-20 14:26:03', 133),
(134, 'size', 'المقاس', 'select', 1, '2021-09-20 14:26:03', '2021-09-20 14:26:03', 134),
(135, 'size', 'المقاس', 'select', 1, '2021-09-20 14:26:03', '2021-09-20 14:26:03', 135),
(136, 'size', 'المقاس', 'select', 1, '2021-09-20 14:26:03', '2021-09-20 14:26:03', 136),
(137, 'size', 'المقاس', 'select', 1, '2021-09-20 14:26:03', '2021-09-20 14:26:03', 137),
(138, 'size', 'المقاس', 'select', 1, '2021-09-20 14:26:04', '2021-09-20 14:26:04', 138),
(139, 'size', 'المقاس', 'select', 1, '2021-09-20 14:26:04', '2021-09-20 14:26:04', 139),
(140, 'size', 'المقاس', 'select', 1, '2021-09-20 14:26:04', '2021-09-20 14:26:04', 140),
(141, 'size', 'المقاس', 'select', 1, '2021-09-20 14:26:04', '2021-09-20 14:26:04', 141),
(142, 'size', 'المقاس', 'select', 1, '2021-09-20 14:26:04', '2021-09-20 14:26:04', 142),
(143, 'size', 'المقاس', 'select', 1, '2021-09-20 14:26:04', '2021-09-20 14:26:04', 143),
(144, 'size', 'المقاس', 'select', 1, '2021-09-20 14:26:04', '2021-09-20 14:26:04', 144),
(145, 'size', 'المقاس', 'select', 1, '2021-09-20 14:26:04', '2021-09-20 14:26:04', 145),
(146, 'size', 'المقاس', 'select', 1, '2021-09-20 14:26:04', '2021-09-20 14:26:04', 146),
(147, 'size', 'المقاس', 'select', 1, '2021-09-20 14:26:04', '2021-09-20 14:26:04', 147),
(148, 'size', 'المقاس', 'select', 1, '2021-09-20 14:26:04', '2021-09-20 14:26:04', 148),
(149, 'size', 'المقاس', 'select', 1, '2021-09-20 14:26:04', '2021-09-20 14:26:04', 149),
(150, 'size', 'المقاس', 'select', 1, '2021-09-20 14:26:04', '2021-09-20 14:26:04', 150),
(151, 'size', 'المقاس', 'select', 1, '2021-09-20 14:26:04', '2021-09-20 14:26:04', 151),
(152, 'size', 'المقاس', 'select', 1, '2021-09-20 14:26:04', '2021-09-20 14:26:04', 152),
(153, 'size', 'المقاس', 'select', 1, '2021-09-20 14:26:04', '2021-09-20 14:26:04', 153),
(154, 'size', 'المقاس', 'select', 1, '2021-09-20 14:26:05', '2021-09-20 14:26:05', 154),
(155, 'size', 'المقاس', 'select', 1, '2021-09-20 14:26:05', '2021-09-20 14:26:05', 155),
(156, 'size', 'المقاس', 'select', 1, '2021-09-20 14:26:05', '2021-09-20 14:26:05', 156),
(157, 'size', 'المقاس', 'select', 1, '2021-09-20 14:26:05', '2021-09-20 14:26:05', 157),
(158, 'size', 'المقاس', 'select', 1, '2021-09-20 14:26:05', '2021-09-20 14:26:05', 158),
(159, 'size', 'المقاس', 'select', 1, '2021-09-20 14:26:05', '2021-09-20 14:26:05', 159),
(160, 'size', 'المقاس', 'select', 1, '2021-09-20 14:26:05', '2021-09-20 14:26:05', 160),
(161, 'size', 'المقاس', 'select', 1, '2021-09-20 14:26:05', '2021-09-20 14:26:05', 161),
(162, 'size', 'المقاس', 'select', 1, '2021-09-20 14:26:05', '2021-09-20 14:26:05', 162),
(163, 'size', 'المقاس', 'select', 1, '2021-09-20 14:26:05', '2021-09-20 14:26:05', 163),
(164, 'size', 'المقاس', 'select', 1, '2021-09-20 14:26:05', '2021-09-20 14:26:05', 164),
(165, 'size', 'المقاس', 'select', 1, '2021-09-20 14:26:05', '2021-09-20 14:26:05', 165),
(166, 'size', 'المقاس', 'select', 1, '2021-09-20 14:26:05', '2021-09-20 14:26:05', 166),
(167, 'size', 'المقاس', 'select', 1, '2021-09-20 14:26:05', '2021-09-20 14:26:05', 167),
(168, 'size', 'المقاس', 'select', 1, '2021-09-20 14:26:05', '2021-09-20 14:26:05', 168),
(169, 'size', 'المقاس', 'select', 1, '2021-09-20 14:26:05', '2021-09-20 14:26:05', 169),
(170, 'size', 'المقاس', 'select', 1, '2021-09-20 14:26:05', '2021-09-20 14:26:05', 170),
(171, 'size', 'المقاس', 'select', 1, '2021-09-20 14:26:05', '2021-09-20 14:26:05', 171),
(172, 'size', 'المقاس', 'select', 1, '2021-09-20 14:26:05', '2021-09-20 14:26:05', 172),
(173, 'size', 'المقاس', 'select', 1, '2021-09-20 14:26:05', '2021-09-20 14:26:05', 173),
(174, 'size', 'المقاس', 'select', 1, '2021-09-20 14:26:05', '2021-09-20 14:26:05', 174),
(175, 'size', 'المقاس', 'select', 1, '2021-09-20 14:26:05', '2021-09-20 14:26:05', 175),
(176, 'size', 'المقاس', 'select', 1, '2021-09-20 14:26:05', '2021-09-20 14:26:05', 176),
(177, 'size', 'المقاس', 'select', 1, '2021-09-20 14:26:06', '2021-09-20 14:26:06', 177),
(178, 'size', 'المقاس', 'select', 1, '2021-09-20 14:26:06', '2021-09-20 14:26:06', 178),
(179, 'size', 'المقاس', 'select', 1, '2021-09-20 14:26:06', '2021-09-20 14:26:06', 179),
(180, 'size', 'المقاس', 'select', 1, '2021-09-20 14:26:06', '2021-09-20 14:26:06', 180),
(181, 'size', 'المقاس', 'select', 1, '2021-09-20 14:26:06', '2021-09-20 14:26:06', 181),
(182, 'size', 'المقاس', 'select', 1, '2021-09-20 14:26:06', '2021-09-20 14:26:06', 182),
(183, 'size', 'المقاس', 'select', 1, '2021-09-20 14:26:06', '2021-09-20 14:26:06', 183),
(184, 'size', 'المقاس', 'select', 1, '2021-09-20 14:26:06', '2021-09-20 14:26:06', 184),
(185, 'size', 'المقاس', 'select', 1, '2021-09-20 14:26:06', '2021-09-20 14:26:06', 185),
(186, 'size', 'المقاس', 'select', 1, '2021-09-20 14:26:07', '2021-09-20 14:26:07', 186),
(187, 'size', 'المقاس', 'select', 1, '2021-09-20 14:26:07', '2021-09-20 14:26:07', 187),
(188, 'size', 'المقاس', 'select', 1, '2021-09-20 14:26:07', '2021-09-20 14:26:07', 188),
(189, 'size', 'المقاس', 'select', 1, '2021-09-20 14:26:07', '2021-09-20 14:26:07', 189),
(190, 'size', 'المقاس', 'select', 1, '2021-09-20 14:26:07', '2021-09-20 14:26:07', 190),
(191, 'size', 'المقاس', 'select', 1, '2021-09-20 14:26:07', '2021-09-20 14:26:07', 191),
(192, 'size', 'المقاس', 'select', 1, '2021-09-20 14:26:07', '2021-09-20 14:26:07', 192),
(193, 'size', 'المقاس', 'select', 1, '2021-09-20 14:26:07', '2021-09-20 14:26:07', 193),
(194, 'size', 'المقاس', 'select', 1, '2021-09-20 14:26:07', '2021-09-20 14:26:07', 194),
(195, 'size', 'المقاس', 'select', 1, '2021-09-20 14:26:07', '2021-09-20 14:26:07', 195),
(196, 'size', 'المقاس', 'select', 1, '2021-09-20 14:26:08', '2021-09-20 14:26:08', 196),
(197, 'size', 'المقاس', 'select', 1, '2021-09-20 14:26:08', '2021-09-20 14:26:08', 197),
(198, 'size', 'المقاس', 'select', 1, '2021-09-20 14:26:08', '2021-09-20 14:26:08', 198),
(199, 'size', 'المقاس', 'select', 1, '2021-09-20 14:26:08', '2021-09-20 14:26:08', 199),
(200, 'size', 'المقاس', 'select', 1, '2021-09-20 14:26:08', '2021-09-20 14:26:08', 200),
(201, 'size', 'المقاس', 'select', 1, '2021-09-20 14:26:08', '2021-09-20 14:26:08', 201),
(202, 'size', 'المقاس', 'select', 1, '2021-09-20 14:26:08', '2021-09-20 14:26:08', 202),
(203, 'size', 'المقاس', 'select', 1, '2021-09-20 14:26:08', '2021-09-20 14:26:08', 203),
(204, 'size', 'المقاس', 'select', 1, '2021-09-20 14:26:08', '2021-09-20 14:26:08', 204),
(205, 'size', 'المقاس', 'select', 1, '2021-09-20 14:26:08', '2021-09-20 14:26:08', 205),
(206, 'size', 'المقاس', 'select', 1, '2021-09-20 14:26:08', '2021-09-20 14:26:08', 206),
(207, 'size', 'المقاس', 'select', 1, '2021-09-20 14:26:08', '2021-09-20 14:26:08', 207),
(208, 'size', 'المقاس', 'select', 1, '2021-09-20 14:26:08', '2021-09-20 14:26:08', 208),
(209, 'size', 'المقاس', 'select', 1, '2021-09-20 14:26:08', '2021-09-20 14:26:08', 209),
(210, 'size', 'المقاس', 'select', 1, '2021-09-20 14:26:08', '2021-09-20 14:26:08', 210),
(211, 'size', 'المقاس', 'select', 1, '2021-09-20 14:26:08', '2021-09-20 14:26:08', 211),
(212, 'size', 'المقاس', 'select', 1, '2021-09-20 14:26:08', '2021-09-20 14:26:08', 212),
(213, 'size', 'المقاس', 'select', 1, '2021-09-20 14:26:08', '2021-09-20 14:26:08', 213),
(214, 'size', 'المقاس', 'select', 1, '2021-09-20 14:26:09', '2021-09-20 14:26:09', 214),
(215, 'size', 'المقاس', 'select', 1, '2021-09-20 14:26:09', '2021-09-20 14:26:09', 215),
(216, 'size', 'المقاس', 'select', 1, '2021-09-20 14:26:09', '2021-09-20 14:26:09', 216),
(217, 'size', 'المقاس', 'select', 1, '2021-09-20 14:26:09', '2021-09-20 14:26:09', 217),
(218, 'size', 'المقاس', 'select', 1, '2021-09-20 14:26:09', '2021-09-20 14:26:09', 218),
(219, 'size', 'المقاس', 'select', 1, '2021-09-20 14:26:09', '2021-09-20 14:26:09', 219),
(220, 'size', 'المقاس', 'select', 1, '2021-09-20 14:26:09', '2021-09-20 14:26:09', 220),
(221, 'size', 'المقاس', 'select', 1, '2021-09-20 14:26:09', '2021-09-20 14:26:09', 221),
(222, 'size', 'المقاس', 'select', 1, '2021-09-20 14:26:09', '2021-09-20 14:26:09', 222),
(223, 'size', 'المقاس', 'select', 1, '2021-09-20 14:26:09', '2021-09-20 14:26:09', 223),
(224, 'size', 'المقاس', 'select', 1, '2021-09-20 14:26:09', '2021-09-20 14:26:09', 224),
(225, 'size', 'المقاس', 'select', 1, '2021-09-20 14:26:09', '2021-09-20 14:26:09', 225),
(226, 'size', 'المقاس', 'select', 1, '2021-09-20 14:26:09', '2021-09-20 14:26:09', 226),
(227, 'size', 'المقاس', 'select', 1, '2021-09-20 14:26:09', '2021-09-20 14:26:09', 227),
(228, 'size', 'المقاس', 'select', 1, '2021-09-20 14:26:09', '2021-09-20 14:26:09', 228),
(229, 'size', 'المقاس', 'select', 1, '2021-09-20 14:26:09', '2021-09-20 14:26:09', 229),
(230, 'size', 'المقاس', 'select', 1, '2021-09-20 14:26:09', '2021-09-20 14:26:09', 230),
(231, 'size', 'المقاس', 'select', 1, '2021-09-20 14:26:09', '2021-09-20 14:26:09', 231),
(232, 'size', 'المقاس', 'select', 1, '2021-09-20 14:26:09', '2021-09-20 14:26:09', 232),
(233, 'size', 'المقاس', 'select', 1, '2021-09-20 14:26:09', '2021-09-20 14:26:09', 233),
(234, 'size', 'المقاس', 'select', 1, '2021-09-20 14:26:09', '2021-09-20 14:26:09', 234),
(235, 'size', 'المقاس', 'select', 1, '2021-09-20 14:26:09', '2021-09-20 14:26:09', 235),
(236, 'size', 'المقاس', 'select', 1, '2021-09-20 14:26:09', '2021-09-20 14:26:09', 236),
(237, 'size', 'المقاس', 'select', 1, '2021-09-20 14:26:09', '2021-09-20 14:26:09', 237),
(238, 'size', 'المقاس', 'select', 1, '2021-09-20 14:26:10', '2021-09-20 14:26:10', 238),
(239, 'size', 'المقاس', 'select', 1, '2021-09-20 14:26:10', '2021-09-20 14:26:10', 239),
(240, 'size', 'المقاس', 'select', 1, '2021-09-20 14:26:10', '2021-09-20 14:26:10', 240),
(241, 'size', 'المقاس', 'select', 1, '2021-09-20 14:26:10', '2021-09-20 14:26:10', 241),
(242, 'size', 'المقاس', 'select', 1, '2021-09-20 14:26:10', '2021-09-20 14:26:10', 242),
(243, 'size', 'المقاس', 'select', 1, '2021-09-20 14:26:10', '2021-09-20 14:26:10', 243),
(244, 'size', 'المقاس', 'select', 1, '2021-09-20 14:26:10', '2021-09-20 14:26:10', 244),
(245, 'size', 'المقاس', 'select', 1, '2021-09-20 14:26:10', '2021-09-20 14:26:10', 245),
(246, 'size', 'المقاس', 'select', 1, '2021-09-20 14:26:10', '2021-09-20 14:26:10', 246),
(247, 'size', 'المقاس', 'select', 1, '2021-09-20 14:26:10', '2021-09-20 14:26:10', 247),
(248, 'size', 'المقاس', 'select', 1, '2021-09-20 14:26:10', '2021-09-20 14:26:10', 248),
(249, 'size', 'المقاس', 'select', 1, '2021-09-20 14:26:10', '2021-09-20 14:26:10', 249),
(250, 'size', 'المقاس', 'select', 1, '2021-09-20 14:26:10', '2021-09-20 14:26:10', 250),
(251, 'size', 'المقاس', 'select', 1, '2021-09-20 14:26:10', '2021-09-20 14:26:10', 251),
(252, 'size', 'المقاس', 'select', 1, '2021-09-20 14:26:11', '2021-09-20 14:26:11', 252),
(253, 'size', 'المقاس', 'select', 1, '2021-09-20 14:26:11', '2021-09-20 14:26:11', 253),
(254, 'size', 'المقاس', 'select', 1, '2021-09-20 14:26:11', '2021-09-20 14:26:11', 254),
(255, 'size', 'المقاس', 'select', 1, '2021-09-20 14:26:11', '2021-09-20 14:26:11', 255),
(256, 'size', 'المقاس', 'select', 1, '2021-09-20 14:26:11', '2021-09-20 14:26:11', 256),
(257, 'size', 'المقاس', 'select', 1, '2021-09-20 14:26:11', '2021-09-20 14:26:11', 257),
(258, 'size', 'المقاس', 'select', 1, '2021-09-20 14:26:11', '2021-09-20 14:26:11', 258),
(259, 'size', 'المقاس', 'select', 1, '2021-09-20 14:26:11', '2021-09-20 14:26:11', 259),
(260, 'size', 'المقاس', 'select', 1, '2021-09-20 14:26:11', '2021-09-20 14:26:11', 260),
(261, 'size', 'المقاس', 'select', 1, '2021-09-20 14:26:11', '2021-09-20 14:26:11', 261),
(262, 'size', 'المقاس', 'select', 1, '2021-09-20 14:26:11', '2021-09-20 14:26:11', 262),
(263, 'size', 'المقاس', 'select', 1, '2021-09-20 14:26:11', '2021-09-20 14:26:11', 263),
(264, 'size', 'المقاس', 'select', 1, '2021-09-20 14:26:11', '2021-09-20 14:26:11', 264),
(265, 'size', 'المقاس', 'select', 1, '2021-09-20 14:26:11', '2021-09-20 14:26:11', 265),
(266, 'size', 'المقاس', 'select', 1, '2021-09-20 14:26:12', '2021-09-20 14:26:12', 266),
(267, 'size', 'المقاس', 'select', 1, '2021-09-20 14:26:12', '2021-09-20 14:26:12', 267),
(268, 'size', 'المقاس', 'select', 1, '2021-09-20 14:26:12', '2021-09-20 14:26:12', 268),
(269, 'size', 'المقاس', 'select', 1, '2021-09-20 14:26:12', '2021-09-20 14:26:12', 269),
(270, 'size', 'المقاس', 'select', 1, '2021-09-20 14:26:12', '2021-09-20 14:26:12', 270),
(271, 'size', 'المقاس', 'select', 1, '2021-09-20 14:26:12', '2021-09-20 14:26:12', 271),
(272, 'size', 'المقاس', 'select', 1, '2021-09-20 14:26:12', '2021-09-20 14:26:12', 272),
(273, 'size', 'المقاس', 'select', 1, '2021-09-20 14:26:12', '2021-09-20 14:26:12', 273),
(274, 'size', 'المقاس', 'select', 1, '2021-09-20 14:26:12', '2021-09-20 14:26:12', 274),
(275, 'size', 'المقاس', 'select', 1, '2021-09-20 14:26:12', '2021-09-20 14:26:12', 275),
(276, 'size', 'المقاس', 'select', 1, '2021-09-20 14:26:12', '2021-09-20 14:26:12', 276),
(277, 'size', 'المقاس', 'select', 1, '2021-09-20 14:26:12', '2021-09-20 14:26:12', 277),
(278, 'size', 'المقاس', 'select', 1, '2021-09-20 14:26:12', '2021-09-20 14:26:12', 278),
(279, 'size', 'المقاس', 'select', 1, '2021-09-20 14:26:12', '2021-09-20 14:26:12', 279),
(280, 'size', 'المقاس', 'select', 1, '2021-09-20 14:26:12', '2021-09-20 14:26:12', 280),
(281, 'size', 'المقاس', 'select', 1, '2021-09-20 14:26:12', '2021-09-20 14:26:12', 281),
(282, 'size', 'المقاس', 'select', 1, '2021-09-20 14:26:12', '2021-09-20 14:26:12', 282),
(283, 'size', 'المقاس', 'select', 1, '2021-09-20 14:26:13', '2021-09-20 14:26:13', 283),
(284, 'size', 'المقاس', 'select', 1, '2021-09-20 14:26:13', '2021-09-20 14:26:13', 284),
(285, 'size', 'المقاس', 'select', 1, '2021-09-20 14:26:13', '2021-09-20 14:26:13', 285),
(286, 'size', 'المقاس', 'select', 1, '2021-09-20 14:26:13', '2021-09-20 14:26:13', 286),
(287, 'size', 'المقاس', 'select', 1, '2021-09-20 14:26:13', '2021-09-20 14:26:13', 287),
(288, 'size', 'المقاس', 'select', 1, '2021-09-20 14:26:13', '2021-09-20 14:26:13', 288),
(289, 'size', 'المقاس', 'select', 1, '2021-09-20 14:26:13', '2021-09-20 14:26:13', 289),
(290, 'size', 'المقاس', 'select', 1, '2021-09-20 14:26:13', '2021-09-20 14:26:13', 290),
(291, 'size', 'المقاس', 'select', 1, '2021-09-20 14:26:13', '2021-09-20 14:26:13', 291),
(292, 'size', 'المقاس', 'select', 1, '2021-09-20 14:26:13', '2021-09-20 14:26:13', 292),
(293, 'size', 'المقاس', 'select', 1, '2021-09-20 14:26:13', '2021-09-20 14:26:13', 293),
(294, 'size', 'المقاس', 'select', 1, '2021-09-20 14:26:13', '2021-09-20 14:26:13', 294),
(295, 'size', 'المقاس', 'select', 1, '2021-09-20 14:26:13', '2021-09-20 14:26:13', 295),
(296, 'size', 'المقاس', 'select', 1, '2021-09-20 14:26:14', '2021-09-20 14:26:14', 296),
(297, 'size', 'المقاس', 'select', 1, '2021-09-20 14:26:14', '2021-09-20 14:26:14', 297),
(298, 'size', 'المقاس', 'select', 1, '2021-09-20 14:26:14', '2021-09-20 14:26:14', 298),
(299, 'size', 'المقاس', 'select', 1, '2021-09-20 14:26:14', '2021-09-20 14:26:14', 299),
(300, 'size', 'المقاس', 'select', 1, '2021-09-20 14:26:14', '2021-09-20 14:26:14', 300);

-- --------------------------------------------------------

--
-- بنية الجدول `categories`
--

CREATE TABLE `categories` (
  `id` bigint(20) UNSIGNED NOT NULL,
  `name_en` varchar(50) COLLATE utf8mb4_unicode_ci NOT NULL,
  `name_ar` varchar(50) COLLATE utf8mb4_unicode_ci NOT NULL,
  `slug` varchar(50) COLLATE utf8mb4_unicode_ci NOT NULL,
  `sort` int(11) DEFAULT 0,
  `parent_id` int(11) DEFAULT 0,
  `created_at` timestamp NULL DEFAULT NULL,
  `updated_at` timestamp NULL DEFAULT NULL,
  `deleted_at` timestamp NULL DEFAULT NULL
) ENGINE=InnoDB DEFAULT CHARSET=utf8mb4 COLLATE=utf8mb4_unicode_ci;

--
-- إرجاع أو استيراد بيانات الجدول `categories`
--

INSERT INTO `categories` (`id`, `name_en`, `name_ar`, `slug`, `sort`, `parent_id`, `created_at`, `updated_at`, `deleted_at`) VALUES
(1, 'loazm-mdrsy-llatfal', 'لوازم مدرسية للأطفال', 'loazm-mdrsy-llatfal', 4, 0, '2021-09-20 23:17:54', '2021-09-21 17:00:58', NULL),
(2, 'alktronyat', 'إلكترونيات', 'alktronyat', 1, 0, '2021-09-20 23:17:54', '2021-09-21 17:00:58', NULL),
(3, 'saaaat', 'ساعات', 'saaaat', 3, 0, '2021-09-20 23:17:54', '2021-09-21 17:00:58', NULL),
(4, 'smaaaat', 'سماعات', 'smaaaat', 2, 0, '2021-09-20 23:17:54', '2021-09-21 17:00:58', NULL),
(5, 'almntgat-almktby', 'المنتجات المكتبية', 'almntgat-almktby', 3, 1, '2021-09-20 23:17:54', '2021-09-21 17:02:11', NULL),
(6, 'mlabs', 'ملابس', 'mlabs', 1, 1, '2021-09-20 23:17:54', '2021-09-21 17:02:10', NULL),
(7, 'ktb', 'كتب', 'ktb', 2, 1, '2021-09-20 23:17:54', '2021-09-21 17:02:10', NULL),
(8, 'shnt-mdrsy', 'شنط مدرسية', 'shnt-mdrsy', 2, 3, '2021-09-20 23:17:54', '2021-09-21 17:02:11', NULL),
(9, 'mklm', 'مقلمة', 'mklm', 3, 3, '2021-09-20 23:17:54', '2021-09-21 17:02:11', NULL),
(10, 'adoat-hndsy', 'ادوات هندسية', 'adoat-hndsy', 4, 3, '2021-09-20 23:17:54', '2021-09-21 17:02:11', NULL),
(11, 'aklam', 'اقلام', 'aklam', 1, 3, '2021-09-20 23:17:54', '2021-09-21 17:02:11', NULL),
(12, 'adoat-tloyn', 'ادوات تلوين', 'adoat-tloyn', 1, 2, '2021-09-20 23:17:54', '2021-09-21 17:02:11', NULL),
(13, 'mlabs-bnat', 'ملابس بنات', 'mlabs-bnat', 2, 2, '2021-09-20 23:17:54', '2021-09-21 17:02:11', NULL),
(14, 'mlabs-aolad', 'ملابس اولاد', 'mlabs-aolad', 3, 2, '2021-09-20 23:17:54', '2021-09-21 17:02:11', NULL);

-- --------------------------------------------------------

--
-- بنية الجدول `failed_jobs`
--

CREATE TABLE `failed_jobs` (
  `id` bigint(20) UNSIGNED NOT NULL,
  `uuid` varchar(255) COLLATE utf8mb4_unicode_ci NOT NULL,
  `connection` text COLLATE utf8mb4_unicode_ci NOT NULL,
  `queue` text COLLATE utf8mb4_unicode_ci NOT NULL,
  `payload` longtext COLLATE utf8mb4_unicode_ci NOT NULL,
  `exception` longtext COLLATE utf8mb4_unicode_ci NOT NULL,
  `failed_at` timestamp NOT NULL DEFAULT current_timestamp()
) ENGINE=InnoDB DEFAULT CHARSET=utf8mb4 COLLATE=utf8mb4_unicode_ci;

-- --------------------------------------------------------

--
-- بنية الجدول `migrations`
--

CREATE TABLE `migrations` (
  `id` int(10) UNSIGNED NOT NULL,
  `migration` varchar(255) COLLATE utf8mb4_unicode_ci NOT NULL,
  `batch` int(11) NOT NULL
) ENGINE=InnoDB DEFAULT CHARSET=utf8mb4 COLLATE=utf8mb4_unicode_ci;

--
-- إرجاع أو استيراد بيانات الجدول `migrations`
--

INSERT INTO `migrations` (`id`, `migration`, `batch`) VALUES
(1, '2014_10_12_000000_create_users_table', 1),
(2, '2014_10_12_100000_create_password_resets_table', 1),
(3, '2019_08_19_000000_create_failed_jobs_table', 1),
(4, '2019_12_14_000001_create_personal_access_tokens_table', 1),
(5, '2021_09_19_110655_create_categories_table', 1),
(6, '2021_09_19_110655_create_productImages_table', 1),
(7, '2021_09_19_110655_create_products_table', 1),
(8, '2021_09_19_110655_create_statements_table', 1),
(9, '2021_09_19_165927_create_attributes_table', 1),
(10, '2021_09_19_165928_create_options_table', 1),
(11, '2021_09_19_214116_create_product_category_table', 1),
(12, '2021_10_19_110705_create_foreign_keys', 1);

-- --------------------------------------------------------

--
-- بنية الجدول `options`
--

CREATE TABLE `options` (
  `id` bigint(20) UNSIGNED NOT NULL,
  `name_en` varchar(50) COLLATE utf8mb4_unicode_ci NOT NULL,
  `name_ar` varchar(50) COLLATE utf8mb4_unicode_ci NOT NULL,
  `quantity` int(11) DEFAULT 0,
  `sale_price` decimal(10,0) DEFAULT NULL,
  `regular_price` decimal(10,0) DEFAULT NULL,
  `parent_id` int(11) DEFAULT 0,
  `created_at` timestamp NULL DEFAULT NULL,
  `updated_at` timestamp NULL DEFAULT NULL,
  `deleted_at` timestamp NULL DEFAULT NULL,
  `attribute_id` bigint(20) UNSIGNED NOT NULL,
  `product_id` bigint(20) UNSIGNED NOT NULL
) ENGINE=InnoDB DEFAULT CHARSET=utf8mb4 COLLATE=utf8mb4_unicode_ci;

--
-- إرجاع أو استيراد بيانات الجدول `options`
--

INSERT INTO `options` (`id`, `name_en`, `name_ar`, `quantity`, `sale_price`, `regular_price`, `parent_id`, `created_at`, `updated_at`, `deleted_at`, `attribute_id`, `product_id`) VALUES
(201, 'en-Ut blanditiis.', 'ar_Aut quia ut et.', 3, '1077', '1147', 0, '2021-09-20 14:27:23', '2021-09-20 14:27:23', NULL, 278, 278),
(202, 'en-Distinctio.', 'ar_Quam nulla.', 2, '598', '668', 0, '2021-09-20 14:27:23', '2021-09-20 14:27:23', NULL, 119, 119),
(203, 'en-Nihil aliquid.', 'ar_Voluptas.', 2, '1008', '1078', 0, '2021-09-20 14:27:23', '2021-09-20 14:27:23', NULL, 12, 11),
(204, 'en-Reiciendis.', 'ar_Ipsa eius.', 7, '398', '468', 0, '2021-09-20 14:27:23', '2021-09-20 14:27:23', NULL, 12, 11),
(205, 'en-Veniam facilis.', 'ar_Aut rerum.', 9, '1427', '1497', 0, '2021-09-20 14:27:23', '2021-09-20 14:27:23', NULL, 26, 25),
(206, 'en-Accusamus unde.', 'ar_Voluptate eum.', 4, '1038', '1108', 0, '2021-09-20 14:27:23', '2021-09-20 14:27:23', NULL, 202, 202),
(207, 'en-Sed odit quo.', 'ar_Debitis nihil.', 5, '561', '631', 0, '2021-09-20 14:27:23', '2021-09-20 14:27:23', NULL, 24, 23),
(208, 'en-Nihil est.', 'ar_Veritatis ad.', 4, '866', '936', 0, '2021-09-20 14:27:23', '2021-09-20 14:27:23', NULL, 250, 250),
(209, 'en-Molestiae.', 'ar_Labore tempora.', 8, '1289', '1359', 0, '2021-09-20 14:27:23', '2021-09-20 14:27:23', NULL, 212, 212),
(210, 'en-Esse natus.', 'ar_Nobis non.', 8, '534', '604', 0, '2021-09-20 14:27:24', '2021-09-20 14:27:24', NULL, 39, 38),
(211, 'en-Sed.', 'ar_Voluptatem.', 3, '1038', '1108', 0, '2021-09-20 14:27:24', '2021-09-20 14:27:24', NULL, 25, 24),
(212, 'en-Voluptas in.', 'ar_Reiciendis.', 1, '1206', '1276', 0, '2021-09-20 14:27:24', '2021-09-20 14:27:24', NULL, 236, 236),
(213, 'en-Voluptatem.', 'ar_Maxime commodi.', 6, '502', '572', 0, '2021-09-20 14:27:24', '2021-09-20 14:27:24', NULL, 192, 192),
(214, 'en-Est veritatis.', 'ar_Veniam minima.', 3, '1314', '1384', 0, '2021-09-20 14:27:24', '2021-09-20 14:27:24', NULL, 168, 168),
(215, 'en-Eos quisquam.', 'ar_Ratione ea.', 5, '606', '676', 0, '2021-09-20 14:27:24', '2021-09-20 14:27:24', NULL, 46, 45),
(216, 'en-Reiciendis.', 'ar_Impedit est.', 4, '717', '787', 0, '2021-09-20 14:27:24', '2021-09-20 14:27:24', NULL, 138, 138),
(217, 'en-Earum culpa.', 'ar_Velit eius.', 7, '613', '683', 0, '2021-09-20 14:27:24', '2021-09-20 14:27:24', NULL, 133, 133),
(218, 'en-Temporibus.', 'ar_Itaque.', 5, '1109', '1179', 0, '2021-09-20 14:27:24', '2021-09-20 14:27:24', NULL, 275, 275),
(219, 'en-Nam totam qui.', 'ar_Illum.', 4, '619', '689', 0, '2021-09-20 14:27:24', '2021-09-20 14:27:24', NULL, 201, 201),
(220, 'en-Tempora sint.', 'ar_Error.', 6, '1397', '1467', 0, '2021-09-20 14:27:24', '2021-09-20 14:27:24', NULL, 245, 245),
(221, 'en-Numquam.', 'ar_Quisquam.', 5, '1176', '1246', 0, '2021-09-20 14:27:24', '2021-09-20 14:27:24', NULL, 241, 241),
(222, 'en-Reprehenderit.', 'ar_Doloremque.', 7, '369', '439', 0, '2021-09-20 14:27:24', '2021-09-20 14:27:24', NULL, 183, 183),
(223, 'en-Maiores iste.', 'ar_Neque sint.', 3, '435', '505', 0, '2021-09-20 14:27:24', '2021-09-20 14:27:24', NULL, 213, 213),
(224, 'en-Magni libero.', 'ar_Quo voluptatem.', 5, '594', '664', 0, '2021-09-20 14:27:24', '2021-09-20 14:27:24', NULL, 158, 158),
(225, 'en-Eum soluta et.', 'ar_Quia mollitia.', 6, '1040', '1110', 0, '2021-09-20 14:27:24', '2021-09-20 14:27:24', NULL, 19, 18),
(226, 'en-Id excepturi.', 'ar_Odio nostrum.', 8, '1316', '1386', 0, '2021-09-20 14:27:24', '2021-09-20 14:27:24', NULL, 172, 172),
(227, 'en-Qui autem et.', 'ar_Maxime eius.', 1, '947', '1017', 0, '2021-09-20 14:27:24', '2021-09-20 14:27:24', NULL, 49, 48),
(228, 'en-Veniam.', 'ar_Culpa illo.', 4, '1252', '1322', 0, '2021-09-20 14:27:25', '2021-09-20 14:27:25', NULL, 287, 287),
(229, 'en-Quod.', 'ar_Quod alias aut.', 3, '486', '556', 0, '2021-09-20 14:27:25', '2021-09-20 14:27:25', NULL, 195, 195),
(230, 'en-Id accusamus.', 'ar_Temporibus.', 5, '380', '450', 0, '2021-09-20 14:27:25', '2021-09-20 14:27:25', NULL, 53, 52),
(231, 'en-Explicabo.', 'ar_Animi.', 7, '980', '1050', 0, '2021-09-20 14:27:25', '2021-09-20 14:27:25', NULL, 266, 266),
(232, 'en-Qui velit.', 'ar_Dolor in.', 4, '1102', '1172', 0, '2021-09-20 14:27:25', '2021-09-20 14:27:25', NULL, 250, 250),
(233, 'en-Necessitatibus.', 'ar_Voluptate modi.', 6, '1017', '1087', 0, '2021-09-20 14:27:25', '2021-09-20 14:27:25', NULL, 230, 230),
(234, 'en-Sint dolores.', 'ar_Asperiores.', 2, '938', '1008', 0, '2021-09-20 14:27:25', '2021-09-20 14:27:25', NULL, 273, 273),
(235, 'en-Odit vitae.', 'ar_Sunt qui enim.', 9, '1278', '1348', 0, '2021-09-20 14:27:25', '2021-09-20 14:27:25', NULL, 287, 287),
(236, 'en-Esse et nihil.', 'ar_Impedit nisi.', 6, '715', '785', 0, '2021-09-20 14:27:25', '2021-09-20 14:27:25', NULL, 296, 296),
(237, 'en-Recusandae et.', 'ar_Vitae quis sit.', 7, '711', '781', 0, '2021-09-20 14:27:25', '2021-09-20 14:27:25', NULL, 114, 114),
(238, 'en-Neque debitis.', 'ar_Dicta.', 6, '535', '605', 0, '2021-09-20 14:27:25', '2021-09-20 14:27:25', NULL, 247, 247),
(239, 'en-Deleniti.', 'ar_Repellendus.', 6, '1292', '1362', 0, '2021-09-20 14:27:25', '2021-09-20 14:27:25', NULL, 92, 92),
(240, 'en-Omnis amet.', 'ar_Provident.', 9, '936', '1006', 0, '2021-09-20 14:27:25', '2021-09-20 14:27:25', NULL, 80, 80),
(241, 'en-Nihil rerum.', 'ar_Quia maiores.', 3, '1092', '1162', 0, '2021-09-20 14:27:25', '2021-09-20 14:27:25', NULL, 275, 275),
(242, 'en-Culpa repellat.', 'ar_Et delectus.', 9, '1022', '1092', 0, '2021-09-20 14:27:25', '2021-09-20 14:27:25', NULL, 62, 61),
(243, 'en-Cupiditate.', 'ar_Sapiente quasi.', 10, '989', '1059', 0, '2021-09-20 14:27:25', '2021-09-20 14:27:25', NULL, 256, 256),
(244, 'en-Est odio autem.', 'ar_Et eaque.', 6, '480', '550', 0, '2021-09-20 14:27:25', '2021-09-20 14:27:25', NULL, 18, 17),
(245, 'en-Eaque quaerat.', 'ar_Dignissimos.', 5, '1394', '1464', 0, '2021-09-20 14:27:26', '2021-09-20 14:27:26', NULL, 187, 187),
(246, 'en-Explicabo ut.', 'ar_Itaque fuga et.', 8, '1042', '1112', 0, '2021-09-20 14:27:26', '2021-09-20 14:27:26', NULL, 23, 22),
(247, 'en-Dolores in ea.', 'ar_Non illo.', 4, '1299', '1369', 0, '2021-09-20 14:27:26', '2021-09-20 14:27:26', NULL, 25, 24),
(248, 'en-At ex officia.', 'ar_A voluptatum.', 2, '712', '782', 0, '2021-09-20 14:27:26', '2021-09-20 14:27:26', NULL, 253, 253),
(249, 'en-Ut ducimus id.', 'ar_Corrupti dolor.', 1, '991', '1061', 0, '2021-09-20 14:27:26', '2021-09-20 14:27:26', NULL, 142, 142),
(250, 'en-Autem est ab.', 'ar_Veniam laborum.', 8, '835', '905', 0, '2021-09-20 14:27:26', '2021-09-20 14:27:26', NULL, 4, 3),
(251, 'en-Et omnis.', 'ar_Illum.', 10, '685', '755', 0, '2021-09-20 14:27:26', '2021-09-20 14:27:26', NULL, 235, 235),
(252, 'en-Iusto in in.', 'ar_Aperiam et.', 3, '1021', '1091', 0, '2021-09-20 14:27:26', '2021-09-20 14:27:26', NULL, 234, 234),
(253, 'en-Qui dolorem.', 'ar_Asperiores.', 4, '1359', '1429', 0, '2021-09-20 14:27:26', '2021-09-20 14:27:26', NULL, 145, 145),
(254, 'en-Sunt aliquid.', 'ar_Unde atque.', 6, '1415', '1485', 0, '2021-09-20 14:27:26', '2021-09-20 14:27:26', NULL, 296, 296),
(255, 'en-Est deleniti.', 'ar_Porro voluptas.', 2, '389', '459', 0, '2021-09-20 14:27:26', '2021-09-20 14:27:26', NULL, 90, 90),
(256, 'en-Beatae eum.', 'ar_Nesciunt cum.', 10, '821', '891', 0, '2021-09-20 14:27:26', '2021-09-20 14:27:26', NULL, 186, 186),
(257, 'en-Nemo aut.', 'ar_Rerum ut magni.', 7, '1256', '1326', 0, '2021-09-20 14:27:26', '2021-09-20 14:27:26', NULL, 282, 282),
(258, 'en-Praesentium.', 'ar_Aut aperiam.', 4, '532', '602', 0, '2021-09-20 14:27:26', '2021-09-20 14:27:26', NULL, 244, 244),
(259, 'en-Magnam vel qui.', 'ar_Ipsa explicabo.', 9, '1341', '1411', 0, '2021-09-20 14:27:26', '2021-09-20 14:27:26', NULL, 153, 153),
(260, 'en-Sequi quia.', 'ar_Qui ut.', 5, '406', '476', 0, '2021-09-20 14:27:26', '2021-09-20 14:27:26', NULL, 207, 207),
(261, 'en-Unde.', 'ar_Fuga aut.', 7, '826', '896', 0, '2021-09-20 14:27:26', '2021-09-20 14:27:26', NULL, 110, 110),
(262, 'en-Voluptates.', 'ar_Voluptatem.', 10, '927', '997', 0, '2021-09-20 14:27:26', '2021-09-20 14:27:26', NULL, 37, 36),
(263, 'en-Non quia et.', 'ar_Animi nisi.', 10, '354', '424', 0, '2021-09-20 14:27:26', '2021-09-20 14:27:26', NULL, 276, 276),
(264, 'en-Repellendus.', 'ar_Odit maxime.', 1, '473', '543', 0, '2021-09-20 14:27:26', '2021-09-20 14:27:26', NULL, 147, 147),
(265, 'en-Voluptatem.', 'ar_Qui dolorem.', 2, '503', '573', 0, '2021-09-20 14:27:26', '2021-09-20 14:27:26', NULL, 72, 71),
(266, 'en-Voluptatibus.', 'ar_Repudiandae.', 1, '1366', '1436', 0, '2021-09-20 14:27:27', '2021-09-20 14:27:27', NULL, 108, 108),
(267, 'en-Dolorem eos.', 'ar_Architecto sit.', 8, '853', '923', 0, '2021-09-20 14:27:27', '2021-09-20 14:27:27', NULL, 228, 228),
(268, 'en-Nobis.', 'ar_Quod illo quo.', 5, '1222', '1292', 0, '2021-09-20 14:27:27', '2021-09-20 14:27:27', NULL, 186, 186),
(269, 'en-Quisquam et ea.', 'ar_Laboriosam vel.', 10, '1199', '1269', 0, '2021-09-20 14:27:27', '2021-09-20 14:27:27', NULL, 283, 283),
(270, 'en-Odio accusamus.', 'ar_Aut quia vel.', 2, '706', '776', 0, '2021-09-20 14:27:27', '2021-09-20 14:27:27', NULL, 220, 220),
(271, 'en-Architecto.', 'ar_Suscipit.', 4, '1365', '1435', 0, '2021-09-20 14:27:27', '2021-09-20 14:27:27', NULL, 47, 46),
(272, 'en-Mollitia non.', 'ar_Nulla nobis.', 9, '585', '655', 0, '2021-09-20 14:27:27', '2021-09-20 14:27:27', NULL, 83, 83),
(273, 'en-Omnis debitis.', 'ar_Asperiores.', 4, '1152', '1222', 0, '2021-09-20 14:27:27', '2021-09-20 14:27:27', NULL, 93, 93),
(274, 'en-Aliquam.', 'ar_Ut officia.', 8, '1336', '1406', 0, '2021-09-20 14:27:27', '2021-09-20 14:27:27', NULL, 127, 127),
(275, 'en-Perspiciatis.', 'ar_Sed commodi.', 4, '669', '739', 0, '2021-09-20 14:27:27', '2021-09-20 14:27:27', NULL, 86, 86),
(276, 'en-Et rerum.', 'ar_Ut quos quos.', 3, '523', '593', 0, '2021-09-20 14:27:27', '2021-09-20 14:27:27', NULL, 131, 131),
(277, 'en-Nihil ullam.', 'ar_Fugiat.', 4, '1208', '1278', 0, '2021-09-20 14:27:27', '2021-09-20 14:27:27', NULL, 288, 288),
(278, 'en-Esse rerum qui.', 'ar_Aut explicabo.', 1, '448', '518', 0, '2021-09-20 14:27:27', '2021-09-20 14:27:27', NULL, 255, 255),
(279, 'en-Facilis at aut.', 'ar_Omnis at iste.', 4, '368', '438', 0, '2021-09-20 14:27:27', '2021-09-20 14:27:27', NULL, 27, 26),
(280, 'en-Id dolorem.', 'ar_Impedit.', 1, '1376', '1446', 0, '2021-09-20 14:27:27', '2021-09-20 14:27:27', NULL, 167, 167),
(281, 'en-Perspiciatis.', 'ar_Exercitationem.', 5, '1331', '1401', 0, '2021-09-20 14:27:27', '2021-09-20 14:27:27', NULL, 31, 30),
(282, 'en-Voluptatem.', 'ar_Excepturi unde.', 7, '804', '874', 0, '2021-09-20 14:27:27', '2021-09-20 14:27:27', NULL, 271, 271),
(283, 'en-Eos est.', 'ar_Modi soluta.', 4, '341', '411', 0, '2021-09-20 14:27:27', '2021-09-20 14:27:27', NULL, 46, 45),
(284, 'en-Quia aut.', 'ar_Recusandae.', 6, '607', '677', 0, '2021-09-20 14:27:27', '2021-09-20 14:27:27', NULL, 98, 98),
(285, 'en-Distinctio.', 'ar_Molestiae.', 3, '1328', '1398', 0, '2021-09-20 14:27:27', '2021-09-20 14:27:27', NULL, 257, 257),
(286, 'en-Ipsam eveniet.', 'ar_Corrupti.', 2, '414', '484', 0, '2021-09-20 14:27:28', '2021-09-20 14:27:28', NULL, 170, 170),
(287, 'en-Totam.', 'ar_Voluptatum.', 7, '956', '1026', 0, '2021-09-20 14:27:28', '2021-09-20 14:27:28', NULL, 29, 28),
(288, 'en-Quas nobis.', 'ar_Reiciendis.', 5, '887', '957', 0, '2021-09-20 14:27:28', '2021-09-20 14:27:28', NULL, 81, 81),
(289, 'en-Ipsum sunt.', 'ar_Aut autem.', 1, '518', '588', 0, '2021-09-20 14:27:28', '2021-09-20 14:27:28', NULL, 83, 83),
(290, 'en-Dicta incidunt.', 'ar_Rerum pariatur.', 7, '819', '889', 0, '2021-09-20 14:27:28', '2021-09-20 14:27:28', NULL, 75, 74),
(291, 'en-Ipsa assumenda.', 'ar_Sequi et optio.', 10, '1164', '1234', 0, '2021-09-20 14:27:28', '2021-09-20 14:27:28', NULL, 204, 204),
(292, 'en-Asperiores.', 'ar_Voluptatum.', 1, '880', '950', 0, '2021-09-20 14:27:28', '2021-09-20 14:27:28', NULL, 164, 164),
(293, 'en-Perferendis et.', 'ar_Rerum.', 3, '476', '546', 0, '2021-09-20 14:27:28', '2021-09-20 14:27:28', NULL, 272, 272),
(294, 'en-Eaque vel.', 'ar_Sed.', 2, '1382', '1452', 0, '2021-09-20 14:27:28', '2021-09-20 14:27:28', NULL, 11, 10),
(295, 'en-Sed error quia.', 'ar_Quia autem.', 2, '391', '461', 0, '2021-09-20 14:27:28', '2021-09-20 14:27:28', NULL, 213, 213),
(296, 'en-Quisquam sit.', 'ar_Dolores neque.', 6, '634', '704', 0, '2021-09-20 14:27:28', '2021-09-20 14:27:28', NULL, 174, 174),
(297, 'en-Hic et.', 'ar_Nesciunt.', 4, '548', '618', 0, '2021-09-20 14:27:29', '2021-09-20 14:27:29', NULL, 198, 198),
(298, 'en-Quam.', 'ar_Ut autem est.', 4, '1414', '1484', 0, '2021-09-20 14:27:29', '2021-09-20 14:27:29', NULL, 17, 16),
(299, 'en-Voluptas quam.', 'ar_Vel sed velit.', 9, '616', '686', 0, '2021-09-20 14:27:29', '2021-09-20 14:27:29', NULL, 169, 169),
(300, 'en-Incidunt fugit.', 'ar_Facere qui.', 2, '1336', '1406', 0, '2021-09-20 14:27:29', '2021-09-20 14:27:29', NULL, 252, 252),
(301, 'en-Nihil maiores.', 'ar_Sint ut.', 1, '602', '672', 0, '2021-09-20 14:27:29', '2021-09-20 14:27:29', NULL, 80, 80),
(302, 'en-Pariatur et.', 'ar_Perferendis.', 1, '1269', '1339', 0, '2021-09-20 14:27:29', '2021-09-20 14:27:29', NULL, 6, 5),
(303, 'en-Atque.', 'ar_Ducimus.', 1, '980', '1050', 0, '2021-09-20 14:27:29', '2021-09-20 14:27:29', NULL, 159, 159),
(304, 'en-Similique.', 'ar_Est voluptas.', 10, '1054', '1124', 0, '2021-09-20 14:27:29', '2021-09-20 14:27:29', NULL, 84, 84),
(305, 'en-Minima.', 'ar_Inventore.', 6, '1292', '1362', 0, '2021-09-20 14:27:29', '2021-09-20 14:27:29', NULL, 98, 98),
(306, 'en-Ut voluptatum.', 'ar_A repellat.', 4, '438', '508', 0, '2021-09-20 14:27:29', '2021-09-20 14:27:29', NULL, 187, 187),
(307, 'en-Ullam vel quo.', 'ar_Dolorem.', 3, '1082', '1152', 0, '2021-09-20 14:27:29', '2021-09-20 14:27:29', NULL, 13, 12),
(308, 'en-Tenetur quia.', 'ar_Consequatur.', 4, '1407', '1477', 0, '2021-09-20 14:27:29', '2021-09-20 14:27:29', NULL, 34, 33),
(309, 'en-Quidem qui.', 'ar_Omnis maxime.', 10, '714', '784', 0, '2021-09-20 14:27:29', '2021-09-20 14:27:29', NULL, 86, 86),
(310, 'en-Id error ullam.', 'ar_Eveniet.', 9, '1317', '1387', 0, '2021-09-20 14:27:30', '2021-09-20 14:27:30', NULL, 49, 48),
(311, 'en-Provident.', 'ar_Distinctio.', 4, '969', '1039', 0, '2021-09-20 14:27:30', '2021-09-20 14:27:30', NULL, 150, 150),
(312, 'en-Aut ducimus.', 'ar_Ex est minima.', 9, '1007', '1077', 0, '2021-09-20 14:27:30', '2021-09-20 14:27:30', NULL, 233, 233),
(313, 'en-Perferendis.', 'ar_Quisquam.', 8, '1321', '1391', 0, '2021-09-20 14:27:30', '2021-09-20 14:27:30', NULL, 157, 157),
(314, 'en-Sed tempora.', 'ar_Excepturi ut.', 3, '1002', '1072', 0, '2021-09-20 14:27:30', '2021-09-20 14:27:30', NULL, 83, 83),
(315, 'en-Vel aliquam.', 'ar_Necessitatibus.', 5, '960', '1030', 0, '2021-09-20 14:27:30', '2021-09-20 14:27:30', NULL, 233, 233),
(316, 'en-Animi autem.', 'ar_Velit harum.', 4, '375', '445', 0, '2021-09-20 14:27:30', '2021-09-20 14:27:30', NULL, 194, 194),
(317, 'en-Voluptates.', 'ar_Numquam.', 3, '695', '765', 0, '2021-09-20 14:27:30', '2021-09-20 14:27:30', NULL, 160, 160),
(318, 'en-Vitae sint.', 'ar_Qui dolore.', 6, '590', '660', 0, '2021-09-20 14:27:30', '2021-09-20 14:27:30', NULL, 20, 19),
(319, 'en-Labore tempore.', 'ar_Pariatur quod.', 6, '1033', '1103', 0, '2021-09-20 14:27:30', '2021-09-20 14:27:30', NULL, 235, 235),
(320, 'en-Illum aut est.', 'ar_Et qui laborum.', 7, '1084', '1154', 0, '2021-09-20 14:27:30', '2021-09-20 14:27:30', NULL, 168, 168),
(321, 'en-Consequatur ea.', 'ar_Numquam est.', 3, '1065', '1135', 0, '2021-09-20 14:27:30', '2021-09-20 14:27:30', NULL, 253, 253),
(322, 'en-Aspernatur aut.', 'ar_Sed ea nisi.', 2, '849', '919', 0, '2021-09-20 14:27:30', '2021-09-20 14:27:30', NULL, 239, 239),
(323, 'en-Ut minus.', 'ar_Corrupti.', 7, '469', '539', 0, '2021-09-20 14:27:30', '2021-09-20 14:27:30', NULL, 109, 109),
(324, 'en-Quos quis.', 'ar_Est amet.', 6, '922', '992', 0, '2021-09-20 14:27:30', '2021-09-20 14:27:30', NULL, 53, 52),
(325, 'en-Veniam sed.', 'ar_Eaque id.', 5, '995', '1065', 0, '2021-09-20 14:27:30', '2021-09-20 14:27:30', NULL, 3, 2),
(326, 'en-Voluptas error.', 'ar_Cumque qui.', 9, '613', '683', 0, '2021-09-20 14:27:30', '2021-09-20 14:27:30', NULL, 48, 47),
(327, 'en-Dolore qui.', 'ar_Illum iusto.', 4, '1371', '1441', 0, '2021-09-20 14:27:30', '2021-09-20 14:27:30', NULL, 9, 8),
(328, 'en-Adipisci non.', 'ar_Dolore aperiam.', 3, '1384', '1454', 0, '2021-09-20 14:27:30', '2021-09-20 14:27:30', NULL, 94, 94),
(329, 'en-Eveniet.', 'ar_Nihil omnis.', 5, '458', '528', 0, '2021-09-20 14:27:30', '2021-09-20 14:27:30', NULL, 226, 226),
(330, 'en-Mollitia ad.', 'ar_Quibusdam.', 4, '929', '999', 0, '2021-09-20 14:27:31', '2021-09-20 14:27:31', NULL, 184, 184),
(331, 'en-Voluptas.', 'ar_Rerum.', 3, '687', '757', 0, '2021-09-20 14:27:31', '2021-09-20 14:27:31', NULL, 117, 117),
(332, 'en-Ab corporis.', 'ar_Enim possimus.', 2, '1277', '1347', 0, '2021-09-20 14:27:31', '2021-09-20 14:27:31', NULL, 141, 141),
(333, 'en-Reprehenderit.', 'ar_Reiciendis.', 4, '1423', '1493', 0, '2021-09-20 14:27:31', '2021-09-20 14:27:31', NULL, 25, 24),
(334, 'en-Cumque non.', 'ar_Nisi voluptate.', 4, '785', '855', 0, '2021-09-20 14:27:31', '2021-09-20 14:27:31', NULL, 117, 117),
(335, 'en-Minima ad.', 'ar_Itaque.', 10, '442', '512', 0, '2021-09-20 14:27:31', '2021-09-20 14:27:31', NULL, 251, 251),
(336, 'en-Et dolores.', 'ar_Minus ducimus.', 2, '1102', '1172', 0, '2021-09-20 14:27:31', '2021-09-20 14:27:31', NULL, 170, 170),
(337, 'en-Eius.', 'ar_Possimus.', 8, '778', '848', 0, '2021-09-20 14:27:31', '2021-09-20 14:27:31', NULL, 68, 67),
(338, 'en-Quo sed autem.', 'ar_Maxime.', 2, '652', '722', 0, '2021-09-20 14:27:31', '2021-09-20 14:27:31', NULL, 124, 124),
(339, 'en-Voluptas.', 'ar_Aut enim odio.', 3, '660', '730', 0, '2021-09-20 14:27:31', '2021-09-20 14:27:31', NULL, 44, 43),
(340, 'en-Laboriosam.', 'ar_Aliquid.', 5, '1387', '1457', 0, '2021-09-20 14:27:31', '2021-09-20 14:27:31', NULL, 15, 14),
(341, 'en-Nesciunt illo.', 'ar_Sequi ducimus.', 2, '914', '984', 0, '2021-09-20 14:27:31', '2021-09-20 14:27:31', NULL, 135, 135),
(342, 'en-Incidunt.', 'ar_Voluptate odit.', 4, '1072', '1142', 0, '2021-09-20 14:27:31', '2021-09-20 14:27:31', NULL, 264, 264),
(343, 'en-Vero sit.', 'ar_Odio labore.', 2, '1180', '1250', 0, '2021-09-20 14:27:31', '2021-09-20 14:27:31', NULL, 13, 12),
(344, 'en-Inventore.', 'ar_Quo hic.', 6, '952', '1022', 0, '2021-09-20 14:27:31', '2021-09-20 14:27:31', NULL, 108, 108),
(345, 'en-Rerum aut.', 'ar_Ad iure.', 6, '1083', '1153', 0, '2021-09-20 14:27:32', '2021-09-20 14:27:32', NULL, 141, 141),
(346, 'en-Quos qui.', 'ar_Ducimus velit.', 10, '722', '792', 0, '2021-09-20 14:27:32', '2021-09-20 14:27:32', NULL, 21, 20),
(347, 'en-Occaecati.', 'ar_Sit.', 8, '1065', '1135', 0, '2021-09-20 14:27:32', '2021-09-20 14:27:32', NULL, 156, 156),
(348, 'en-Tempora.', 'ar_Dignissimos.', 4, '988', '1058', 0, '2021-09-20 14:27:32', '2021-09-20 14:27:32', NULL, 212, 212),
(349, 'en-Dolor quam.', 'ar_Eveniet dicta.', 3, '1289', '1359', 0, '2021-09-20 14:27:32', '2021-09-20 14:27:32', NULL, 91, 91),
(350, 'en-Impedit dolore.', 'ar_Rerum impedit.', 8, '946', '1016', 0, '2021-09-20 14:27:32', '2021-09-20 14:27:32', NULL, 30, 29),
(351, 'en-Nostrum.', 'ar_Ut.', 3, '1039', '1109', 0, '2021-09-20 14:27:32', '2021-09-20 14:27:32', NULL, 211, 211),
(352, 'en-Quia est.', 'ar_Dolores soluta.', 4, '1359', '1429', 0, '2021-09-20 14:27:32', '2021-09-20 14:27:32', NULL, 102, 102),
(353, 'en-Eius accusamus.', 'ar_Qui ex dolores.', 2, '496', '566', 0, '2021-09-20 14:27:32', '2021-09-20 14:27:32', NULL, 19, 18),
(354, 'en-At voluptatem.', 'ar_Consequuntur.', 7, '430', '500', 0, '2021-09-20 14:27:33', '2021-09-20 14:27:33', NULL, 284, 284),
(355, 'en-Recusandae et.', 'ar_Quod repellat.', 3, '408', '478', 0, '2021-09-20 14:27:33', '2021-09-20 14:27:33', NULL, 257, 257),
(356, 'en-Sed molestiae.', 'ar_Necessitatibus.', 6, '1173', '1243', 0, '2021-09-20 14:27:33', '2021-09-20 14:27:33', NULL, 278, 278),
(357, 'en-Rerum veniam.', 'ar_Non voluptatem.', 9, '603', '673', 0, '2021-09-20 14:27:33', '2021-09-20 14:27:33', NULL, 208, 208),
(358, 'en-Amet.', 'ar_Aspernatur qui.', 2, '849', '919', 0, '2021-09-20 14:27:33', '2021-09-20 14:27:33', NULL, 289, 289),
(359, 'en-Dolores hic.', 'ar_Quod qui qui.', 8, '904', '974', 0, '2021-09-20 14:27:33', '2021-09-20 14:27:33', NULL, 136, 136),
(360, 'en-Ut autem.', 'ar_Reprehenderit.', 6, '1333', '1403', 0, '2021-09-20 14:27:33', '2021-09-20 14:27:33', NULL, 49, 48),
(361, 'en-Et enim harum.', 'ar_Veniam et.', 2, '836', '906', 0, '2021-09-20 14:27:33', '2021-09-20 14:27:33', NULL, 18, 17),
(362, 'en-Ad inventore.', 'ar_Est quia.', 1, '1243', '1313', 0, '2021-09-20 14:27:33', '2021-09-20 14:27:33', NULL, 132, 132),
(363, 'en-A sed non.', 'ar_Est.', 5, '969', '1039', 0, '2021-09-20 14:27:33', '2021-09-20 14:27:33', NULL, 69, 68),
(364, 'en-Enim quas.', 'ar_Earum sapiente.', 9, '1035', '1105', 0, '2021-09-20 14:27:33', '2021-09-20 14:27:33', NULL, 246, 246),
(365, 'en-Nobis.', 'ar_Voluptas in et.', 2, '815', '885', 0, '2021-09-20 14:27:33', '2021-09-20 14:27:33', NULL, 245, 245),
(366, 'en-Libero nihil.', 'ar_Consequatur.', 7, '782', '852', 0, '2021-09-20 14:27:34', '2021-09-20 14:27:34', NULL, 224, 224),
(367, 'en-Nam.', 'ar_Itaque.', 3, '765', '835', 0, '2021-09-20 14:27:34', '2021-09-20 14:27:34', NULL, 176, 176),
(368, 'en-Nostrum dolor.', 'ar_Ipsam eaque.', 8, '708', '778', 0, '2021-09-20 14:27:34', '2021-09-20 14:27:34', NULL, 273, 273),
(369, 'en-Inventore aut.', 'ar_Rerum natus.', 6, '1020', '1090', 0, '2021-09-20 14:27:34', '2021-09-20 14:27:34', NULL, 229, 229),
(370, 'en-Expedita.', 'ar_Ex.', 4, '1252', '1322', 0, '2021-09-20 14:27:34', '2021-09-20 14:27:34', NULL, 258, 258),
(371, 'en-Ut culpa.', 'ar_Aperiam aut.', 8, '900', '970', 0, '2021-09-20 14:27:34', '2021-09-20 14:27:34', NULL, 51, 50),
(372, 'en-Maiores.', 'ar_Sint.', 4, '788', '858', 0, '2021-09-20 14:27:34', '2021-09-20 14:27:34', NULL, 139, 139),
(373, 'en-Ipsam labore.', 'ar_Quos magnam.', 10, '462', '532', 0, '2021-09-20 14:27:34', '2021-09-20 14:27:34', NULL, 35, 34),
(374, 'en-Ipsa odio.', 'ar_Et iste vitae.', 3, '819', '889', 0, '2021-09-20 14:27:34', '2021-09-20 14:27:34', NULL, 111, 111),
(375, 'en-Est a sapiente.', 'ar_Et est ut nisi.', 6, '1120', '1190', 0, '2021-09-20 14:27:34', '2021-09-20 14:27:34', NULL, 290, 290),
(376, 'en-Veritatis.', 'ar_Laboriosam.', 3, '438', '508', 0, '2021-09-20 14:27:34', '2021-09-20 14:27:34', NULL, 269, 269),
(377, 'en-Consequatur.', 'ar_A totam magni.', 1, '1329', '1399', 0, '2021-09-20 14:27:34', '2021-09-20 14:27:34', NULL, 272, 272),
(378, 'en-Assumenda.', 'ar_Quis est.', 6, '497', '567', 0, '2021-09-20 14:27:34', '2021-09-20 14:27:34', NULL, 66, 65),
(379, 'en-Aut nihil est.', 'ar_Fuga est.', 3, '388', '458', 0, '2021-09-20 14:27:34', '2021-09-20 14:27:34', NULL, 238, 238),
(380, 'en-Voluptatem sed.', 'ar_Hic eum minima.', 1, '921', '991', 0, '2021-09-20 14:27:34', '2021-09-20 14:27:34', NULL, 167, 167),
(381, 'en-Cumque.', 'ar_Corrupti.', 2, '460', '530', 0, '2021-09-20 14:27:34', '2021-09-20 14:27:34', NULL, 181, 181),
(382, 'en-Commodi quae.', 'ar_Est sed sint.', 8, '1063', '1133', 0, '2021-09-20 14:27:34', '2021-09-20 14:27:34', NULL, 120, 120),
(383, 'en-Non omnis et.', 'ar_Harum facere.', 10, '457', '527', 0, '2021-09-20 14:27:34', '2021-09-20 14:27:34', NULL, 10, 9),
(384, 'en-Sunt vel.', 'ar_Assumenda non.', 4, '697', '767', 0, '2021-09-20 14:27:34', '2021-09-20 14:27:34', NULL, 264, 264),
(385, 'en-Nam.', 'ar_Eveniet.', 8, '973', '1043', 0, '2021-09-20 14:27:34', '2021-09-20 14:27:34', NULL, 111, 111),
(386, 'en-Hic minima aut.', 'ar_In aperiam.', 2, '973', '1043', 0, '2021-09-20 14:27:34', '2021-09-20 14:27:34', NULL, 198, 198),
(387, 'en-Fugit.', 'ar_Et illum ut.', 3, '1042', '1112', 0, '2021-09-20 14:27:34', '2021-09-20 14:27:34', NULL, 236, 236),
(388, 'en-Et alias.', 'ar_Est voluptatem.', 10, '986', '1056', 0, '2021-09-20 14:27:35', '2021-09-20 14:27:35', NULL, 11, 10),
(389, 'en-Voluptatum.', 'ar_Sit deserunt.', 1, '378', '448', 0, '2021-09-20 14:27:35', '2021-09-20 14:27:35', NULL, 55, 54),
(390, 'en-Consequatur.', 'ar_Dolore.', 7, '1233', '1303', 0, '2021-09-20 14:27:35', '2021-09-20 14:27:35', NULL, 243, 243),
(391, 'en-Odit officiis.', 'ar_Ut rerum quis.', 5, '1330', '1400', 0, '2021-09-20 14:27:35', '2021-09-20 14:27:35', NULL, 228, 228),
(392, 'en-Tempore.', 'ar_Officiis.', 10, '1294', '1364', 0, '2021-09-20 14:27:35', '2021-09-20 14:27:35', NULL, 163, 163),
(393, 'en-In omnis est.', 'ar_Ut facilis.', 10, '951', '1021', 0, '2021-09-20 14:27:35', '2021-09-20 14:27:35', NULL, 149, 149),
(394, 'en-Voluptate ut.', 'ar_Ea rerum qui.', 10, '764', '834', 0, '2021-09-20 14:27:35', '2021-09-20 14:27:35', NULL, 195, 195),
(395, 'en-Quia at quam.', 'ar_Et delectus at.', 9, '528', '598', 0, '2021-09-20 14:27:35', '2021-09-20 14:27:35', NULL, 32, 31),
(396, 'en-Asperiores aut.', 'ar_Omnis sint.', 1, '1177', '1247', 0, '2021-09-20 14:27:35', '2021-09-20 14:27:35', NULL, 184, 184),
(397, 'en-Corporis.', 'ar_Vel laudantium.', 7, '1315', '1385', 0, '2021-09-20 14:27:35', '2021-09-20 14:27:35', NULL, 127, 127),
(398, 'en-Delectus harum.', 'ar_Dolorum ut non.', 1, '832', '902', 0, '2021-09-20 14:27:35', '2021-09-20 14:27:35', NULL, 124, 124),
(399, 'en-Quidem et in.', 'ar_Libero ipsum.', 2, '807', '877', 0, '2021-09-20 14:27:35', '2021-09-20 14:27:35', NULL, 149, 149),
(400, 'en-Consectetur.', 'ar_Non provident.', 7, '457', '527', 0, '2021-09-20 14:27:35', '2021-09-20 14:27:35', NULL, 200, 200);

-- --------------------------------------------------------

--
-- بنية الجدول `password_resets`
--

CREATE TABLE `password_resets` (
  `email` varchar(255) COLLATE utf8mb4_unicode_ci NOT NULL,
  `token` varchar(255) COLLATE utf8mb4_unicode_ci NOT NULL,
  `created_at` timestamp NULL DEFAULT NULL
) ENGINE=InnoDB DEFAULT CHARSET=utf8mb4 COLLATE=utf8mb4_unicode_ci;

-- --------------------------------------------------------

--
-- بنية الجدول `personal_access_tokens`
--

CREATE TABLE `personal_access_tokens` (
  `id` bigint(20) UNSIGNED NOT NULL,
  `tokenable_type` varchar(255) COLLATE utf8mb4_unicode_ci NOT NULL,
  `tokenable_id` bigint(20) UNSIGNED NOT NULL,
  `name` varchar(255) COLLATE utf8mb4_unicode_ci NOT NULL,
  `token` varchar(64) COLLATE utf8mb4_unicode_ci NOT NULL,
  `abilities` text COLLATE utf8mb4_unicode_ci DEFAULT NULL,
  `last_used_at` timestamp NULL DEFAULT NULL,
  `created_at` timestamp NULL DEFAULT NULL,
  `updated_at` timestamp NULL DEFAULT NULL
) ENGINE=InnoDB DEFAULT CHARSET=utf8mb4 COLLATE=utf8mb4_unicode_ci;

-- --------------------------------------------------------

--
-- بنية الجدول `products`
--

CREATE TABLE `products` (
  `id` bigint(20) UNSIGNED NOT NULL,
  `created_at` timestamp NULL DEFAULT NULL,
  `updated_at` timestamp NULL DEFAULT NULL,
  `deleted_at` timestamp NULL DEFAULT NULL,
  `name_ar` varchar(50) COLLATE utf8mb4_unicode_ci NOT NULL,
  `name_en` varchar(50) COLLATE utf8mb4_unicode_ci NOT NULL,
  `slug` varchar(50) COLLATE utf8mb4_unicode_ci NOT NULL,
  `description_ar` text COLLATE utf8mb4_unicode_ci NOT NULL,
  `description_en` text COLLATE utf8mb4_unicode_ci NOT NULL,
  `regular_price` decimal(8,2) NOT NULL,
  `sale_price` decimal(8,2) DEFAULT NULL,
  `discount_percentage` decimal(8,2) DEFAULT NULL,
  `in_sale` tinyint(4) DEFAULT 0,
  `img` varchar(100) COLLATE utf8mb4_unicode_ci NOT NULL,
  `sort` int(11) DEFAULT 0,
  `is_recommended` tinyint(1) DEFAULT 0,
  `is_best` tinyint(1) DEFAULT 0,
  `has_options` tinyint(1) DEFAULT 0,
  `start_sale` date DEFAULT NULL,
  `end_sale` date DEFAULT NULL,
  `quantity` int(11) DEFAULT 0
) ENGINE=InnoDB DEFAULT CHARSET=utf8mb4 COLLATE=utf8mb4_unicode_ci;

--
-- إرجاع أو استيراد بيانات الجدول `products`
--

INSERT INTO `products` (`id`, `created_at`, `updated_at`, `deleted_at`, `name_ar`, `name_en`, `slug`, `description_ar`, `description_en`, `regular_price`, `sale_price`, `discount_percentage`, `in_sale`, `img`, `sort`, `is_recommended`, `is_best`, `has_options`, `start_sale`, `end_sale`, `quantity`) VALUES
(1, '2021-09-20 10:22:29', '2021-09-20 10:22:29', NULL, 'ar_Non nemo et qui quia ad.', 'en-Eum iste error adipisci.', 'en-Aut consequatur vero ut in ut.', 'ar-Animi ducimus rerum hic. Quos fuga laborum ratione quis mollitia. Eius omnis qui et et eius esse neque. Incidunt voluptatibus officia quo ipsum.', 'en-Sint aut consequatur ullam et. Dolor ex adipisci aliquid et consequatur ut. Laudantium voluptatem illo est quis dolore iste. Recusandae maiores omnis possimus quo id repellendus.', '948.00', '878.00', NULL, 0, 'test.jpg', 0, 1, 1, 0, '2021-09-20', '2021-09-21', 3),
(2, '2021-09-20 10:22:29', '2021-09-20 10:22:29', NULL, 'ar_Quia eius sed dolor officia.', 'en-In et et natus repellat.', 'en-Ab id quo adipisci beatae.', 'ar-Sint eius ea pariatur. Ut et est sit porro. Expedita doloribus sit fugiat ea tenetur. Pariatur inventore nostrum nulla dolorum. Esse ut earum ipsum omnis. Mollitia quas est officiis. Ipsam placeat id esse.', 'en-Ipsum sed dicta saepe corrupti quam sed error. Et amet voluptas in eligendi nulla dignissimos quisquam. Aut voluptatem possimus minus earum vero. Ut omnis maiores vel sit.', '976.00', '906.00', NULL, 1, 'test.jpg', 0, 1, 1, 1, '2021-09-20', '2021-09-21', 5),
(3, '2021-09-20 10:22:30', '2021-09-20 10:22:30', NULL, 'ar_Ea est magnam assumenda ipsum aut.', 'en-Illum in possimus et aut dolore.', 'en-Ullam qui laboriosam ex.', 'ar-Quibusdam maxime ratione dignissimos. Aut quibusdam aspernatur eius et quidem hic voluptatum. Neque quis quia minima odio et rerum numquam nostrum. Necessitatibus vel enim culpa architecto ut sed ad.', 'en-Ipsa velit ipsam amet deleniti ut ut sunt cupiditate. Doloremque nam corporis aperiam possimus est ut. Soluta praesentium facilis quibusdam amet quia. Ab assumenda ex ad aliquid.', '1266.00', '1196.00', NULL, 0, 'test.jpg', 0, 0, 1, 0, '2021-09-20', '2021-09-21', 7),
(4, '2021-09-20 10:22:30', '2021-09-20 10:22:30', NULL, 'ar_Earum earum illo et.', 'en-Est harum modi omnis quia dicta.', 'en-Et facere sapiente quia.', 'ar-Voluptatem corporis minus nihil voluptatem et. In architecto amet adipisci exercitationem et et deserunt. Sint est magnam voluptatem. Pariatur aut totam animi et reprehenderit.', 'en-Aut aut ipsa aperiam enim et sint quaerat. Harum similique velit laboriosam aut qui ipsa. Libero ad temporibus eaque et error accusamus. Odit qui eaque incidunt sed voluptas repellat. Temporibus et voluptates iure placeat.', '1152.00', '1082.00', NULL, 1, 'test.jpg', 0, 0, 1, 0, '2021-09-20', '2021-09-21', 12),
(5, '2021-09-20 10:22:30', '2021-09-20 10:22:30', NULL, 'ar_Rerum vero ut esse et.', 'en-Dolorem nisi maiores rem vel.', 'en-Dolore quis repellat a culpa.', 'ar-Cum sit libero modi enim veniam. A quas qui quis aperiam. Libero et voluptas inventore. Ab ullam nisi dolorum.', 'en-Totam qui omnis et quaerat. Quibusdam et eius doloribus. Exercitationem et vitae ut nostrum qui distinctio voluptatem. Harum adipisci officiis blanditiis consequuntur. Ullam ut non officia ut.', '1397.00', '1327.00', NULL, 1, 'test.jpg', 0, 0, 0, 1, '2021-09-20', '2021-09-20', 3),
(6, '2021-09-20 10:22:30', '2021-09-20 10:22:30', NULL, 'ar_Aut ad ut facilis delectus nam.', 'en-Et quae officiis et alias.', 'en-Quis dolores aut nihil enim vitae.', 'ar-Repellendus dolore placeat maiores quo. Provident repudiandae aut quia possimus possimus. Incidunt ut nam est et tempora porro quam enim.', 'en-Rerum id facilis praesentium cum odio quae. Aliquid ut quidem maxime hic. Omnis ut magni quidem nobis est eos est. Blanditiis nostrum exercitationem ullam accusamus. Doloremque sunt iure dolorum animi id. Ipsum eveniet quidem velit esse labore aperiam.', '1370.00', '1300.00', NULL, 0, 'test.jpg', 0, 1, 0, 1, '2021-09-20', '2021-09-20', 8),
(7, '2021-09-20 10:22:30', '2021-09-20 10:22:30', NULL, 'ar_Eaque quibusdam quis officia id.', 'en-Rerum vel voluptate magnam illo.', 'en-Laboriosam voluptas quam eaque.', 'ar-Omnis mollitia inventore culpa inventore. Eos rerum libero omnis. Aspernatur repellendus eos sunt veniam. Nihil sapiente molestiae temporibus illum.', 'en-Rem alias molestiae et assumenda harum sint dignissimos. Quod est laborum nam. Non nam possimus perferendis veritatis consectetur aut et ducimus.', '1350.00', '1280.00', NULL, 0, 'test.jpg', 0, 1, 1, 0, '2021-09-20', '2021-09-21', 10),
(8, '2021-09-20 10:22:30', '2021-09-20 10:22:30', NULL, 'ar_Mollitia fugiat quae maxime.', 'en-Iure temporibus cumque omnis et.', 'en-Eos eum eum quo illo.', 'ar-Unde nulla laborum qui ea totam. Rerum labore ea consectetur id. Quaerat ipsa magnam modi iure eius id in. Perspiciatis et voluptatum sint dolorem molestiae recusandae ipsum. Et magnam est est.', 'en-Repudiandae est amet id blanditiis itaque quasi. Consectetur unde aut velit et eos. Provident neque est autem suscipit eligendi voluptas est. Facere illo enim quo rerum tenetur.', '1258.00', '1188.00', NULL, 0, 'test.jpg', 0, 0, 0, 1, '2021-09-20', '2021-09-20', 14),
(9, '2021-09-20 10:22:30', '2021-09-20 10:22:30', NULL, 'ar_Et quia maiores perferendis quo.', 'en-Ut atque debitis voluptatem animi.', 'en-Dolorum dolorem vitae qui est.', 'ar-Error nostrum officia illum atque incidunt atque. Praesentium ullam doloremque rerum itaque. Quia voluptas aut vitae enim dicta repellendus labore.', 'en-Veritatis recusandae et vel et aspernatur. Quo eum sit omnis nam. Culpa in error eos sed vitae. Tempora voluptatem dolores unde at consequuntur eum quo. Sunt aut enim ut aut sapiente.', '1165.00', '1095.00', NULL, 1, 'test.jpg', 0, 0, 1, 0, '2021-09-20', '2021-09-20', 12),
(10, '2021-09-20 10:22:30', '2021-09-20 10:22:30', NULL, 'ar_Qui hic quia doloremque est.', 'en-Omnis et amet placeat et vel.', 'en-Omnis vel sint amet eveniet.', 'ar-Ea qui nulla in omnis unde. Fuga molestias et cupiditate et atque dolores et. Impedit laborum autem animi temporibus laborum minus ullam. Sunt eius nam quo explicabo sed recusandae.', 'en-Perferendis et in temporibus ad veritatis voluptatem illum ex. Sed enim sapiente ducimus odio minima laborum. Perspiciatis consequuntur et voluptatum et aut et veniam.', '927.00', '857.00', NULL, 1, 'test.jpg', 0, 0, 1, 0, '2021-09-20', '2021-09-21', 13),
(11, '2021-09-20 10:22:30', '2021-09-20 10:22:30', NULL, 'ar_Nam dolorem ex error maiores.', 'en-Fugit qui totam nobis beatae.', 'en-Ullam iste autem voluptatem.', 'ar-Placeat et dolorem qui quos non consequatur blanditiis in. Unde omnis et sit dolor molestiae. Veniam aut officiis nesciunt aut beatae qui. Sed asperiores quia minus et.', 'en-Ullam saepe omnis neque et aut deserunt. Dolorem quae animi incidunt quod provident. Ut rerum quae rerum sint aut. Totam molestiae velit consequuntur et magni. Impedit nesciunt provident rem autem nihil sunt. Vitae magni deserunt quaerat debitis.', '697.00', '627.00', NULL, 0, 'test.jpg', 0, 1, 1, 1, '2021-09-20', '2021-09-21', 2),
(12, '2021-09-20 10:22:30', '2021-09-20 10:22:30', NULL, 'ar_Nisi debitis fugit occaecati ad.', 'en-Rem aspernatur eum autem illum.', 'en-Sunt iste voluptas nihil nostrum.', 'ar-Inventore dolores esse quaerat commodi repudiandae dolor non. Voluptates aperiam quidem sit ullam sit. Illo vero sequi sapiente nihil facere quas. Quos et harum quia.', 'en-Reiciendis voluptas est sint fugiat fugiat ut. Aut blanditiis tempore laudantium cumque. Accusantium saepe nulla itaque labore totam quo qui a. Non qui quisquam aut adipisci.', '1006.00', '936.00', NULL, 1, 'test.jpg', 0, 1, 0, 1, '2021-09-20', '2021-09-20', 14),
(13, '2021-09-20 10:22:30', '2021-09-20 10:22:30', NULL, 'ar_Reprehenderit ullam a eius qui.', 'en-Est molestiae et sunt rerum.', 'en-Omnis nulla dolores qui ut.', 'ar-Sit tempore quidem natus non nisi quo ut. Reiciendis sint et ut voluptate sed consequatur maxime. Soluta consectetur et doloribus qui aliquid sunt. Voluptatum aliquid corporis dicta ducimus.', 'en-Ullam ipsam nostrum voluptates et quae optio atque quos. Suscipit reiciendis distinctio eaque necessitatibus pariatur. Illo quia nesciunt sed ipsam.', '845.00', '775.00', NULL, 0, 'test.jpg', 0, 0, 0, 0, '2021-09-20', '2021-09-20', 9),
(14, '2021-09-20 10:22:30', '2021-09-20 10:22:30', NULL, 'ar_Qui qui tempora ea blanditiis.', 'en-Enim quis eligendi perferendis.', 'en-Ut id aliquid consectetur.', 'ar-Qui ducimus praesentium itaque magnam modi quisquam. Quibusdam quis porro labore id quibusdam. Aut magni qui dolor et. Inventore quod repudiandae quia ut sed inventore cumque.', 'en-Distinctio accusantium minus ut illo nisi. Quia tenetur dolor nemo quas.', '945.00', '875.00', NULL, 0, 'test.jpg', 0, 0, 0, 1, '2021-09-20', '2021-09-20', 6),
(15, '2021-09-20 10:22:30', '2021-09-20 10:22:30', NULL, 'ar_Quos ab ut et.', 'en-Aut qui qui ut quas.', 'en-Architecto quasi minima id magni.', 'ar-Aut assumenda minus asperiores explicabo quam voluptatum. Delectus quae aut quod officiis repellat dolores. Sint sed explicabo ducimus vel voluptatum itaque possimus. Itaque quia doloremque ipsa nobis et qui consequatur.', 'en-Nam laboriosam facilis optio ipsa et omnis. Rerum iusto ab omnis impedit dolores repellat. Vel et id aut placeat autem quaerat. Omnis eaque consequatur fugit sed ea. Veniam modi enim vel ex neque.', '1306.00', '1236.00', NULL, 1, 'test.jpg', 0, 1, 0, 1, '2021-09-20', '2021-09-21', 9),
(16, '2021-09-20 10:22:30', '2021-09-20 10:22:30', NULL, 'ar_Ut ut iure ullam architecto ut.', 'en-Qui fugit cum sit.', 'en-Sint aliquam sint quo.', 'ar-Exercitationem minus necessitatibus aut ipsa quasi. Provident eos libero neque ut dolor aut expedita cumque. Possimus illum nostrum quos. Eligendi cupiditate odit facilis possimus consequatur alias.', 'en-Eveniet ex quibusdam dignissimos dolores officiis. Deleniti aut nisi consectetur tempora iste est. Dignissimos dolorem nesciunt officiis magni et. Possimus cumque sint voluptatem error.', '564.00', '494.00', NULL, 0, 'test.jpg', 0, 0, 0, 1, '2021-09-20', '2021-09-20', 4),
(17, '2021-09-20 10:22:30', '2021-09-20 10:22:30', NULL, 'ar_Aperiam cum aut omnis asperiores.', 'en-Distinctio consectetur eaque id.', 'en-Autem at laborum qui ut aut.', 'ar-Id magnam consequatur perferendis. Facilis at repudiandae laudantium illo et optio omnis rerum. Rerum quam voluptas unde ea repudiandae. Necessitatibus repellendus deleniti cum natus provident impedit animi.', 'en-Aperiam rem non quos iure in voluptatem omnis. Aliquid tempora est et qui recusandae sapiente libero. Culpa mollitia modi quibusdam qui recusandae.', '775.00', '705.00', NULL, 1, 'test.jpg', 0, 0, 0, 1, '2021-09-20', '2021-09-21', 4),
(18, '2021-09-20 10:22:30', '2021-09-20 10:22:30', NULL, 'ar_At hic rerum rem et.', 'en-Illum non delectus beatae.', 'en-Hic aut quia et fuga enim vitae.', 'ar-Deserunt sint rerum harum perferendis commodi tempore quod qui. Optio cupiditate molestias placeat amet sint qui. Nobis ut enim et eveniet accusamus ad voluptas. Dolores corporis sequi quibusdam consequatur deleniti. Mollitia omnis quidem est at aut.', 'en-Nobis veritatis iure et ea. Quidem quidem ipsum voluptatum cumque in voluptatibus et. Itaque a nesciunt repellendus neque. Eos sed adipisci maxime iure cumque dolor iusto maiores.', '981.00', '911.00', NULL, 0, 'test.jpg', 0, 1, 0, 0, '2021-09-20', '2021-09-21', 5),
(19, '2021-09-20 10:22:30', '2021-09-20 10:22:30', NULL, 'ar_Magnam ea sit rem.', 'en-Qui fugit fugit quasi dolores.', 'en-Consequuntur esse voluptatem eum.', 'ar-Nisi dolores dolor sed. Error vel sed iure non suscipit error. Earum commodi ea accusantium. Quo libero velit molestiae accusantium quas cumque reprehenderit.', 'en-Accusamus et sapiente aspernatur ipsa occaecati nisi. Deserunt nihil laboriosam velit quo consequatur expedita asperiores. Consequatur consectetur totam at dolor corporis optio. Explicabo et voluptatibus libero eum. Eos maxime deleniti dolorem sunt iure.', '1258.00', '1188.00', NULL, 0, 'test.jpg', 0, 1, 1, 1, '2021-09-20', '2021-09-20', 14),
(20, '2021-09-20 10:22:30', '2021-09-20 10:22:30', NULL, 'ar_Vel minus sunt explicabo at.', 'en-Ut natus minus sed nam iure et.', 'en-Voluptates consequatur non nobis.', 'ar-Similique debitis ut ad dolor. Unde unde magnam ab accusamus vitae. Eius delectus hic vitae iste deserunt quis. Ullam pariatur corrupti sequi animi unde sunt.', 'en-Odio non dolorem doloribus consequuntur. Asperiores voluptatibus cum quam. Iusto explicabo porro recusandae inventore amet odio.', '1360.00', '1290.00', NULL, 1, 'test.jpg', 0, 0, 0, 1, '2021-09-20', '2021-09-20', 4),
(21, '2021-09-20 10:22:30', '2021-09-20 10:22:30', NULL, 'ar_Ullam sunt sit animi dolorem ut.', 'en-Ex dignissimos voluptatem qui ex.', 'en-Fugit non illo hic et quae.', 'ar-Quasi corrupti et eos dolorem commodi. Sint maiores est sapiente accusantium. Id repudiandae et eius. Culpa non ducimus numquam sit occaecati.', 'en-Ratione enim saepe error mollitia doloremque autem dolores in. Aut alias ipsam officia sunt sed. Earum mollitia laborum dolor quisquam mollitia modi. Occaecati consequatur rem reprehenderit mollitia earum molestiae consequuntur iste.', '510.00', '440.00', NULL, 1, 'test.jpg', 0, 1, 0, 1, '2021-09-20', '2021-09-21', 7),
(22, '2021-09-20 10:22:30', '2021-09-20 10:22:30', NULL, 'ar_Est fugit sed dolor enim autem ab.', 'en-Illo harum qui corporis aut eaque.', 'en-Ducimus eius maxime officia iusto.', 'ar-Repellat quibusdam dolores assumenda quas dolor et iure. Sunt cumque fugit praesentium optio dolorum. Est voluptas ullam quam dolorem aut suscipit consectetur doloribus. Aliquam rerum in voluptatem at sed eum labore.', 'en-Totam molestias voluptas quibusdam eveniet. Maiores quo fuga aut quas. Esse enim assumenda nihil neque saepe doloribus. Et ex non eos aperiam numquam sit cupiditate qui. Sed corrupti quia dolorum debitis. Sunt exercitationem dicta et.', '1335.00', '1265.00', NULL, 0, 'test.jpg', 0, 0, 1, 1, '2021-09-20', '2021-09-21', 15),
(23, '2021-09-20 10:22:30', '2021-09-20 10:22:30', NULL, 'ar_Quia et eum minus.', 'en-Quia optio omnis quia qui aperiam.', 'en-Dolorem quo unde officiis nulla.', 'ar-Aut qui provident quam quia quia assumenda nemo pariatur. Cupiditate ipsam in dolore occaecati. Eos repudiandae facere enim sunt in. Molestiae ut minima repudiandae ex. Et ut voluptatibus dolorum veritatis consequatur.', 'en-Sunt magni sequi molestiae ea. Repellendus corrupti ea esse distinctio distinctio. Culpa autem fugiat qui explicabo. Magni ratione autem ea ipsam.', '1345.00', '1275.00', NULL, 1, 'test.jpg', 0, 0, 0, 0, '2021-09-20', '2021-09-21', 7),
(24, '2021-09-20 10:22:30', '2021-09-20 10:22:30', NULL, 'ar_Cum et laborum quia.', 'en-Rerum quasi consequatur eaque.', 'en-Blanditiis neque ea ullam quia.', 'ar-Culpa totam suscipit incidunt architecto nisi omnis aperiam et. Voluptas aut quod recusandae consequuntur omnis accusantium eos. Quae ut blanditiis porro voluptatibus.', 'en-Asperiores officiis deleniti voluptatem molestiae. Ea eaque ut eligendi modi.', '1234.00', '1164.00', NULL, 1, 'test.jpg', 0, 0, 0, 1, '2021-09-20', '2021-09-21', 2),
(25, '2021-09-20 10:22:31', '2021-09-20 10:22:31', NULL, 'ar_Commodi et quis repellat iure eos.', 'en-Velit qui quisquam qui amet.', 'en-Aut sed occaecati quibusdam porro.', 'ar-Sequi facere ut laborum veniam consequatur beatae. In et excepturi eligendi sit debitis quod. Est laudantium quo ipsa consequuntur mollitia. Ut ut aliquid quis ut quaerat. Nam eum qui qui illum commodi velit fugit.', 'en-Mollitia voluptatem sit reiciendis at. Adipisci similique harum omnis deleniti accusamus est accusamus. Qui ex et magni eos et totam recusandae. Commodi quo commodi quos minima voluptate.', '1381.00', '1311.00', NULL, 1, 'test.jpg', 0, 0, 1, 1, '2021-09-20', '2021-09-21', 15),
(26, '2021-09-20 10:22:31', '2021-09-20 10:22:31', NULL, 'ar_Alias harum quia et animi.', 'en-Quia optio a rem quasi at atque.', 'en-Voluptas culpa aut autem dolorem.', 'ar-Non quae autem ut ullam amet possimus. Ut quo nulla in velit dolor. Consectetur deserunt omnis cum aperiam. Impedit consectetur maiores impedit ut molestiae repudiandae aspernatur. Et fuga sit aut. Nihil unde quisquam voluptatem eum explicabo autem aut.', 'en-Placeat dolorem assumenda veniam quam. Ratione facere eos ab itaque ut quia. Error est officiis dolorum vel rerum. Esse magnam dignissimos tempora est aliquid a quaerat. Similique sed deserunt voluptas ea. Ab quos dolores quod nobis.', '1406.00', '1336.00', NULL, 1, 'test.jpg', 0, 1, 1, 1, '2021-09-20', '2021-09-21', 2),
(27, '2021-09-20 10:22:31', '2021-09-20 10:22:31', NULL, 'ar_Quo numquam nulla in veritatis.', 'en-Et est quos natus vitae inventore.', 'en-Nisi sit accusantium deserunt quo.', 'ar-Pariatur sit ad occaecati aliquid vitae. Ea ut odio illo sapiente maxime. Dolores consequuntur odit quia labore quae voluptates quos. Id natus ullam sapiente asperiores ut quisquam.', 'en-Aperiam aut at est neque possimus rerum suscipit. Dolores corporis esse nisi laboriosam. Et aliquid perspiciatis a sed tempore neque ut vero. Voluptate vel eius minus nisi ab ad minus. Ea optio nam dolorem tempore et repellat dolores delectus.', '643.00', '573.00', NULL, 1, 'test.jpg', 0, 1, 1, 0, '2021-09-20', '2021-09-21', 13),
(28, '2021-09-20 10:22:31', '2021-09-20 10:22:31', NULL, 'ar_Velit ea quidem numquam excepturi.', 'en-Cumque distinctio esse cupiditate.', 'en-Fugiat suscipit aut eius amet.', 'ar-Suscipit tenetur veritatis aut et. Et porro voluptatem non totam. Nihil omnis ut molestias nisi mollitia voluptas ut.', 'en-Vitae perferendis expedita accusantium dolor consequuntur quidem necessitatibus. Aspernatur numquam dolorum rerum. Voluptatem autem et in.', '748.00', '678.00', NULL, 1, 'test.jpg', 0, 0, 0, 1, '2021-09-20', '2021-09-20', 7),
(29, '2021-09-20 10:22:31', '2021-09-20 10:22:31', NULL, 'ar_Est corporis ut eaque soluta.', 'en-Non eum quisquam laborum.', 'en-Velit optio incidunt doloribus.', 'ar-Perspiciatis sapiente perspiciatis aut tempora quia eaque. Magni dolor molestiae officia sint. Sit eaque odio alias fugit temporibus. Eos non architecto est magni quasi.', 'en-Sequi eius dolorum est at et sit. Sit sunt autem enim labore. Aliquam eum incidunt sed ratione error quia facere.', '508.00', '438.00', NULL, 1, 'test.jpg', 0, 0, 1, 1, '2021-09-20', '2021-09-20', 12),
(30, '2021-09-20 10:22:31', '2021-09-20 10:22:31', NULL, 'ar_Sequi laudantium in aut esse.', 'en-Velit consectetur eaque molestiae.', 'en-Ut quia incidunt error.', 'ar-Id sunt fugit non voluptatem. Nam autem quaerat incidunt quos quod officiis vel. Id aliquam eveniet quos aperiam dicta in. Blanditiis voluptatum quo suscipit eos. Repellendus rerum eos autem numquam est. Assumenda quia sequi dolorem et qui.', 'en-In enim et facere velit ipsam possimus sit. Sapiente et mollitia velit nihil est. Provident facilis libero sunt commodi quis magnam consequuntur.', '1414.00', '1344.00', NULL, 0, 'test.jpg', 0, 0, 0, 1, '2021-09-20', '2021-09-21', 0),
(31, '2021-09-20 10:22:31', '2021-09-20 10:22:31', NULL, 'ar_Voluptates laborum et ut.', 'en-Sint aperiam et saepe.', 'en-Autem aut eos quibusdam error.', 'ar-Nam eos voluptas animi quia qui molestias et sint. Ut sit autem blanditiis dolorem. Maxime quisquam blanditiis assumenda recusandae debitis id qui.', 'en-Ut eos voluptatum dolor minus ut a provident tenetur. Quia non illum eos ut natus praesentium tenetur qui. Voluptatem qui est voluptatibus excepturi aliquid.', '627.00', '557.00', NULL, 0, 'test.jpg', 0, 0, 1, 0, '2021-09-20', '2021-09-20', 13),
(32, '2021-09-20 10:22:31', '2021-09-20 10:22:31', NULL, 'ar_Aut enim eos doloremque adipisci.', 'en-Et odit nihil aspernatur.', 'en-Ut et iste vel laudantium illo.', 'ar-Aut occaecati ut libero. Fuga saepe consequatur qui similique. Asperiores nihil vero necessitatibus sit saepe perspiciatis dignissimos. Vitae dicta molestiae alias aut. Rerum praesentium et amet.', 'en-Sed qui optio aliquam ea. Odio sit doloribus molestiae laboriosam voluptatem. Quisquam ut ut qui et.', '908.00', '838.00', NULL, 0, 'test.jpg', 0, 1, 1, 1, '2021-09-20', '2021-09-20', 2),
(33, '2021-09-20 10:22:31', '2021-09-20 10:22:31', NULL, 'ar_Accusantium alias est quasi at.', 'en-Non id et officia quod.', 'en-Et molestiae velit architecto.', 'ar-Libero totam occaecati aperiam recusandae rem. Quia in voluptatem ad sit iste laudantium. Facilis vel pariatur sit omnis.', 'en-Error laborum molestiae sunt modi. Omnis rerum repellendus quibusdam distinctio. Aut exercitationem sit excepturi quos. Culpa delectus autem qui pariatur fuga.', '441.00', '371.00', NULL, 0, 'test.jpg', 0, 1, 1, 0, '2021-09-20', '2021-09-21', 5),
(34, '2021-09-20 10:22:31', '2021-09-20 10:22:31', NULL, 'ar_Numquam dicta consequuntur ullam.', 'en-Eos debitis aperiam est.', 'en-Et et minus voluptas.', 'ar-Aut culpa repudiandae itaque delectus deserunt ut pariatur. Quas qui voluptate et ab dolor. Velit eos nesciunt voluptas cupiditate voluptas et. Nisi soluta et sed. Minima atque quis reiciendis natus fugit aperiam.', 'en-Saepe sunt dolorem odio inventore. Vero hic commodi dicta temporibus velit. Quod a neque saepe dignissimos id aut.', '695.00', '625.00', NULL, 1, 'test.jpg', 0, 0, 1, 1, '2021-09-20', '2021-09-21', 15),
(35, '2021-09-20 10:22:31', '2021-09-20 10:22:31', NULL, 'ar_Aliquid aut aliquid quis.', 'en-Neque optio et architecto.', 'en-Tempora ipsam et error id.', 'ar-Temporibus aut alias placeat fuga et numquam. Dolores dolorum nihil ullam aliquam esse et soluta blanditiis. Aut odit ut unde aut deleniti quam et. Aliquid quasi corporis accusamus dolorem tempora repellat nisi architecto.', 'en-Natus impedit ipsa placeat nesciunt maiores et quod. Eos magni molestias voluptas ut omnis. Delectus officiis praesentium molestiae in fugit. Qui recusandae aperiam vero dolor adipisci. Voluptate magni vero nulla.', '478.00', '408.00', NULL, 1, 'test.jpg', 0, 1, 1, 0, '2021-09-20', '2021-09-21', 7),
(36, '2021-09-20 10:22:31', '2021-09-20 10:22:31', NULL, 'ar_A cum non quod pariatur nihil hic.', 'en-Et accusamus quos ex autem.', 'en-Eum ratione modi magni aut.', 'ar-Ex ratione ut deleniti itaque excepturi natus. Est neque voluptas inventore sunt suscipit. Voluptas et minima deleniti. Non qui iure sed ut ad earum. Sit consequatur eaque sed sunt. Amet explicabo officiis omnis sed laborum.', 'en-A consectetur ut odit suscipit sit. Debitis eveniet nemo sequi saepe. Est ipsa voluptatem vel autem. Voluptas rem quo ut quo.', '1332.00', '1262.00', NULL, 1, 'test.jpg', 0, 1, 1, 1, '2021-09-20', '2021-09-21', 8),
(37, '2021-09-20 10:22:31', '2021-09-20 10:22:31', NULL, 'ar_Id minima cum aut architecto aut.', 'en-Sint et delectus fuga quae.', 'en-Odio qui sunt a magnam unde rerum.', 'ar-Est architecto corrupti impedit eius. Est eum qui eius nemo minima atque. Soluta veniam laborum laudantium commodi ut. Dolor nisi quam impedit eum quia.', 'en-Praesentium est incidunt hic voluptatum. Animi ex mollitia minima est adipisci totam. Distinctio molestiae eum tempora perferendis blanditiis. Ducimus quia distinctio sunt quia et omnis dolorem.', '635.00', '565.00', NULL, 0, 'test.jpg', 0, 1, 0, 0, '2021-09-20', '2021-09-21', 2),
(38, '2021-09-20 10:22:31', '2021-09-20 10:22:31', NULL, 'ar_Sit dolorem quisquam modi enim.', 'en-Quia modi saepe illum.', 'en-Ut atque odio aut minus.', 'ar-Sit ut minima voluptatem. Quasi et perferendis laboriosam qui. Neque aliquid nihil maxime consequatur nisi ducimus consequatur. Quo facilis iusto quia quia aliquid perferendis error.', 'en-Voluptas aut inventore voluptatem voluptas eum earum. Fuga eligendi et inventore velit rerum velit et. Similique voluptas et dolorum pariatur voluptatibus nulla. Quae et asperiores officiis laboriosam sed odio.', '1095.00', '1025.00', NULL, 1, 'test.jpg', 0, 0, 1, 0, '2021-09-20', '2021-09-21', 0),
(39, '2021-09-20 10:22:31', '2021-09-20 10:22:31', NULL, 'ar_Magnam quis doloribus aspernatur.', 'en-Molestias cum vel sapiente ea.', 'en-Eum qui ut beatae perferendis.', 'ar-Enim possimus nihil iusto. Voluptas ut dolores est vel recusandae ab dolorem. Voluptates quo necessitatibus enim in laboriosam dicta. Eius facilis ab deleniti voluptatem a expedita.', 'en-Dolorem impedit rem ut eligendi repellat quasi. Ipsum provident explicabo possimus sed et. Aut ipsam vel officia ad hic ea autem. Repudiandae deserunt aut odit blanditiis atque officia.', '984.00', '914.00', NULL, 0, 'test.jpg', 0, 0, 0, 1, '2021-09-20', '2021-09-21', 0),
(40, '2021-09-20 10:22:31', '2021-09-20 10:22:31', NULL, 'ar_Ipsam consequatur est id.', 'en-Iure maxime ab sit est.', 'en-Enim sunt et unde iusto quos.', 'ar-Rem aperiam sed voluptas praesentium sequi. Temporibus ratione eum accusantium. Dolorum quia autem delectus.', 'en-Suscipit aut architecto nihil cum. Pariatur eligendi debitis porro aut. Atque repellat odio ut fugit. Nostrum mollitia totam et itaque.', '551.00', '481.00', NULL, 1, 'test.jpg', 0, 1, 0, 1, '2021-09-20', '2021-09-21', 12),
(41, '2021-09-20 10:22:31', '2021-09-20 10:22:31', NULL, 'ar_Aut sit voluptatem id.', 'en-Atque sed sed sint nulla.', 'en-Aut odio laborum enim qui qui.', 'ar-Assumenda sit qui dolores ipsam. Et sit temporibus suscipit voluptatem. Dolorem dicta deserunt consequatur at dolor autem deleniti. Aspernatur dolorem dolores quia.', 'en-Assumenda cupiditate consequatur omnis iste. Possimus unde porro maiores ut. Velit rerum blanditiis laudantium voluptatem. Atque aut voluptatem quisquam sed ipsam.', '709.00', '639.00', NULL, 1, 'test.jpg', 0, 0, 1, 0, '2021-09-20', '2021-09-20', 12),
(42, '2021-09-20 10:22:31', '2021-09-20 10:22:31', NULL, 'ar_In blanditiis voluptate aliquam.', 'en-Facere quidem sunt ipsa ad ab.', 'en-Voluptas temporibus et sed et.', 'ar-Ut sapiente reiciendis voluptatem quis pariatur qui eaque velit. Non est molestias aut laudantium. Distinctio illum inventore eligendi unde. Eum veniam blanditiis nihil in adipisci distinctio fugit.', 'en-Alias porro illo officiis quas tempore quo nam temporibus. Repellendus molestiae harum delectus ab. Voluptatem nam et modi autem non. Repellendus et qui iste officia possimus.', '515.00', '445.00', NULL, 1, 'test.jpg', 0, 1, 0, 1, '2021-09-20', '2021-09-20', 11),
(43, '2021-09-20 10:22:31', '2021-09-20 10:22:31', NULL, 'ar_Id non molestias deleniti.', 'en-Dolores numquam et quia porro.', 'en-Necessitatibus totam vel itaque.', 'ar-Libero maiores qui laborum et laborum et et aut. Non quasi architecto omnis debitis laboriosam magni. Voluptatem quasi eligendi molestiae accusamus.', 'en-Minus enim magni quasi quod assumenda vel saepe. Nihil cumque quis quam et esse. Ea culpa minus delectus cumque cum architecto. Deserunt odio voluptate qui nihil aut.', '613.00', '543.00', NULL, 1, 'test.jpg', 0, 1, 0, 0, '2021-09-20', '2021-09-21', 1),
(44, '2021-09-20 10:22:31', '2021-09-20 10:22:31', NULL, 'ar_Qui sint aut eum accusamus et ex.', 'en-Dolore vitae aut iusto minus.', 'en-Dolorum sequi et qui consequatur.', 'ar-Eaque odit nemo ipsum cum. Est ut nemo voluptatibus consequatur omnis. Quis dignissimos sint est dolor possimus. Repellendus expedita occaecati cumque.', 'en-Illum qui hic ipsam. Harum nihil sit est est id illum rerum. Molestiae numquam ipsam necessitatibus provident dolorum ipsam ea praesentium. Recusandae eligendi commodi sunt est. Quo excepturi nisi voluptatem molestiae. Ut qui et dicta ut.', '1251.00', '1181.00', NULL, 0, 'test.jpg', 0, 1, 1, 0, '2021-09-20', '2021-09-20', 7),
(45, '2021-09-20 10:22:31', '2021-09-20 10:22:31', NULL, 'ar_Sint et consequatur quae aut est.', 'en-Deleniti nobis natus quia natus.', 'en-Qui ex dolorem eum rerum.', 'ar-Quas ipsam iure autem deserunt. Soluta labore commodi eveniet libero dolore sit. Minus officia quia deserunt quasi et sit atque. Quasi voluptates ut saepe quasi nam.', 'en-Quae minima rerum est repudiandae tenetur modi nesciunt. Est sed et et dolores fugit nisi tempore. Temporibus sint impedit ducimus a corrupti.', '1406.00', '1336.00', NULL, 1, 'test.jpg', 0, 1, 0, 0, '2021-09-20', '2021-09-21', 12),
(46, '2021-09-20 10:22:32', '2021-09-20 10:22:32', NULL, 'ar_Id sed nihil omnis fugiat autem.', 'en-Enim ipsa eum odit odit ipsum at.', 'en-Esse ducimus voluptatem qui est.', 'ar-Qui repellendus velit inventore. Officia corporis ut itaque iusto quisquam non provident. Doloribus animi doloribus sunt accusantium nostrum.', 'en-Tempore et et quia ut est sed. Quas aut maiores asperiores quia et voluptatem et. Dolorem voluptatem non velit sapiente sed molestias.', '1378.00', '1308.00', NULL, 1, 'test.jpg', 0, 0, 1, 1, '2021-09-20', '2021-09-20', 5),
(47, '2021-09-20 10:22:32', '2021-09-20 10:22:32', NULL, 'ar_Aut in aut consequuntur saepe.', 'en-Qui molestiae omnis odit.', 'en-A eligendi odio voluptatem minus.', 'ar-Rerum nihil accusantium quis tempora. Culpa ut saepe voluptate fugit consectetur. Omnis architecto inventore necessitatibus labore. Ipsum aut distinctio libero dolor.', 'en-Similique rem ut commodi officia consequatur ea. Aspernatur excepturi enim voluptas harum ex dolorem. Modi eveniet qui rerum nihil. Vitae dolor eos tempora voluptatum enim voluptatem. Eum vitae eos neque quia velit in omnis qui. A enim ut asperiores aut.', '592.00', '522.00', NULL, 0, 'test.jpg', 0, 0, 1, 1, '2021-09-20', '2021-09-21', 10),
(48, '2021-09-20 10:22:32', '2021-09-20 10:22:32', NULL, 'ar_Rem repellat aut qui sint.', 'en-Autem quis deleniti et.', 'en-Aliquam culpa dignissimos ut id.', 'ar-Maxime vitae ratione aliquam. Aut mollitia ab magni ratione ullam. Fuga facere enim vitae error. Sapiente qui veritatis quos voluptatem et.', 'en-Molestias quae voluptas porro et magnam aut aut dolores. Aut magni placeat accusantium omnis doloremque occaecati. Nisi dolor mollitia animi animi dolorem. Veniam reprehenderit sed quidem ut optio est voluptatem unde.', '1336.00', '1266.00', NULL, 1, 'test.jpg', 0, 1, 1, 1, '2021-09-20', '2021-09-20', 2),
(49, '2021-09-20 10:22:32', '2021-09-20 10:22:32', NULL, 'ar_Non quo et cum ea.', 'en-Sint nulla quia quia veniam ab.', 'en-Est sed blanditiis dolores aut.', 'ar-Veniam laborum pariatur qui minus quam consectetur error illum. Corrupti est et voluptas aliquam sunt. Est a sit sunt eum ut dicta laboriosam.', 'en-Tenetur voluptas alias ratione aliquam. Illo illo expedita esse. Quia necessitatibus aut neque qui voluptate aliquid. Eveniet vel aut perspiciatis ab.', '1016.00', '946.00', NULL, 0, 'test.jpg', 0, 0, 0, 0, '2021-09-20', '2021-09-20', 4),
(50, '2021-09-20 10:22:32', '2021-09-20 10:22:32', NULL, 'ar_Eum est nihil aut voluptatem.', 'en-Laborum et impedit sit.', 'en-Et eaque illo quia qui sint.', 'ar-Rerum temporibus sit sit. Fuga beatae ullam eos quas nostrum. Iure et asperiores laboriosam sapiente. Accusantium quo sed nulla vero maxime.', 'en-Corporis voluptas sed magnam molestiae qui possimus illo optio. Aliquid eveniet est est animi incidunt velit non non. Saepe ipsum qui inventore consequatur. Fugit quidem enim voluptate corporis voluptas quidem consequatur velit.', '1104.00', '1034.00', NULL, 0, 'test.jpg', 0, 1, 0, 0, '2021-09-20', '2021-09-21', 11),
(51, '2021-09-20 10:22:32', '2021-09-20 10:22:32', NULL, 'ar_Mollitia sed eos et fuga eos.', 'en-Aliquam nostrum earum iste et.', 'en-Assumenda debitis rerum incidunt.', 'ar-Eos harum ea et ex ut. Perspiciatis fugiat voluptas nihil asperiores voluptate. Enim nobis non cupiditate omnis. Est est quasi sint.', 'en-Autem et et nostrum voluptas maxime quis. Adipisci odit ipsa consectetur. Vel vel sequi iusto earum est eum quidem.', '1073.00', '1003.00', NULL, 0, 'test.jpg', 0, 1, 1, 0, '2021-09-20', '2021-09-20', 15),
(52, '2021-09-20 10:22:32', '2021-09-20 10:22:32', NULL, 'ar_Et sed quos beatae eveniet aut.', 'en-Rerum est ad velit.', 'en-Perferendis soluta ea aut.', 'ar-Aut ut vel quaerat quo est explicabo. Eius ut dolores enim sit odio dolor voluptas. Nobis qui quam a iure. Omnis in omnis commodi officia molestiae quisquam beatae earum.', 'en-Molestiae inventore optio consectetur est voluptatem et. Et eum perspiciatis ex eligendi libero delectus sed.', '1267.00', '1197.00', NULL, 0, 'test.jpg', 0, 0, 0, 1, '2021-09-20', '2021-09-20', 0),
(53, '2021-09-20 10:22:32', '2021-09-20 10:22:32', NULL, 'ar_Sit ratione mollitia dignissimos.', 'en-Perferendis maxime quia eius.', 'en-Libero fugit nisi vitae ut soluta.', 'ar-Rem et distinctio et aut nobis ut et. Doloribus eligendi neque sit enim nihil harum. Vitae id aperiam porro eos voluptatem et aut. In eos sit non ducimus quam.', 'en-Quaerat omnis nulla et quae minus. Quia ratione et dolor et. Aspernatur velit sunt illo aut perspiciatis minima. Repellat itaque voluptatem enim optio. Blanditiis ullam a labore non. Ab deserunt sit facilis et mollitia. Esse occaecati velit magni.', '1062.00', '992.00', NULL, 1, 'test.jpg', 0, 0, 0, 1, '2021-09-20', '2021-09-20', 3),
(54, '2021-09-20 10:22:32', '2021-09-20 10:22:32', NULL, 'ar_Mollitia voluptates dolor ut.', 'en-Aut at autem error.', 'en-Velit consequatur consectetur sed.', 'ar-Ab explicabo repellat voluptatem rerum. Sed velit delectus voluptas voluptatem voluptates est praesentium itaque. Corporis id ratione eum consectetur autem.', 'en-Quidem modi ipsam velit laudantium ullam delectus. Quod qui temporibus dolorem asperiores qui ipsa. Sunt itaque consectetur nam animi deleniti dignissimos.', '1438.00', '1368.00', NULL, 1, 'test.jpg', 0, 0, 1, 0, '2021-09-20', '2021-09-20', 6),
(55, '2021-09-20 10:22:32', '2021-09-20 10:22:32', NULL, 'ar_Cum et itaque explicabo qui.', 'en-Aut est quia ex qui quis eos.', 'en-Animi sed harum ut sed nam.', 'ar-Ad minima voluptas aliquam molestiae explicabo consectetur. Inventore enim ullam corrupti sed neque nobis iste. Dolores quidem ut eaque aliquid officiis deleniti.', 'en-Dolorum nostrum repellat aperiam temporibus voluptatem. Debitis voluptatem expedita consequuntur libero. Fuga adipisci iure ad commodi. Ut numquam accusantium quae dolorum.', '742.00', '672.00', NULL, 0, 'test.jpg', 0, 1, 1, 1, '2021-09-20', '2021-09-20', 7),
(56, '2021-09-20 10:22:32', '2021-09-20 10:22:32', NULL, 'ar_Numquam voluptas vel fugit.', 'en-Debitis dolores ab magni.', 'en-Sit et error neque.', 'ar-Veniam tenetur animi modi qui reprehenderit dolor atque. Et iusto inventore sit. Quod voluptatem reprehenderit sint sed tempore consequuntur numquam. Asperiores cupiditate hic consequatur.', 'en-Necessitatibus itaque nihil molestiae excepturi sunt nihil tenetur. Nisi illum nostrum sed repudiandae sit corrupti non.', '1414.00', '1344.00', NULL, 1, 'test.jpg', 0, 1, 0, 1, '2021-09-20', '2021-09-21', 1),
(57, '2021-09-20 10:22:32', '2021-09-20 10:22:32', NULL, 'ar_Eum ea et alias.', 'en-Tempore ad similique delectus non.', 'en-Quae quae sit deserunt eum fuga.', 'ar-Hic eius repellat ut odio. Nisi vel quaerat distinctio numquam sit voluptatem et nihil. Molestiae ipsa itaque laborum nihil in libero. Veniam quo rerum perferendis. Consequatur ut ea ex. Minus ipsam harum totam. Minima aliquam eos quo enim.', 'en-Deserunt rem molestiae consequatur enim nesciunt voluptatem. Eveniet error nulla quo quis veritatis totam. Laudantium et sit at molestiae suscipit. Aut cumque esse voluptas voluptatem occaecati.', '460.00', '390.00', NULL, 0, 'test.jpg', 0, 0, 1, 0, '2021-09-20', '2021-09-20', 5),
(58, '2021-09-20 10:22:32', '2021-09-20 10:22:32', NULL, 'ar_Ex autem et sed nihil.', 'en-Quae est odit consequatur optio.', 'en-Nostrum facere est ut.', 'ar-Voluptatem quo nulla natus voluptas deleniti. Similique eos explicabo amet omnis natus aut labore est.', 'en-Consequuntur itaque non iusto ab et temporibus optio. Sit quod fugiat voluptatum. Est qui voluptas cumque ab nihil aut. Voluptatem non pariatur dignissimos magni magni sed.', '1001.00', '931.00', NULL, 1, 'test.jpg', 0, 0, 1, 1, '2021-09-20', '2021-09-21', 11),
(59, '2021-09-20 10:22:32', '2021-09-20 10:22:32', NULL, 'ar_Minima voluptas omnis iure.', 'en-Quam debitis sapiente non.', 'en-Et eos in magnam hic.', 'ar-Aperiam harum tempora molestiae. Facere laboriosam architecto quis magni delectus et. Ut aliquam rerum numquam occaecati ea nesciunt et.', 'en-Fugit repudiandae enim rerum corrupti. In est ut et sint quisquam. Autem est et iure eius ipsum. Nostrum nesciunt est exercitationem architecto perferendis.', '1410.00', '1340.00', NULL, 1, 'test.jpg', 0, 1, 0, 0, '2021-09-20', '2021-09-21', 11),
(60, '2021-09-20 10:22:32', '2021-09-20 10:22:32', NULL, 'ar_Excepturi quae quia velit ut quo.', 'en-Rerum et natus aut ut dolorum.', 'en-Ut illum sit quia et et quod.', 'ar-Quibusdam cum neque itaque aut. Ipsam ut placeat perferendis veniam tenetur qui dicta. Sit et occaecati qui consequatur consequatur. Ipsam tempore dolorum et magni.', 'en-Sunt ea nostrum omnis non voluptatem. Nisi numquam temporibus et facilis non eaque ratione. In ut doloremque ut quo nostrum voluptas deleniti. Dolor vero aliquam quis impedit architecto. Ab iure et nam molestias eos quaerat.', '736.00', '666.00', NULL, 1, 'test.jpg', 0, 0, 0, 0, '2021-09-20', '2021-09-20', 7),
(61, '2021-09-20 10:22:32', '2021-09-20 10:22:32', NULL, 'ar_Adipisci quia magnam fuga fuga.', 'en-Aut eveniet voluptatem vitae non.', 'en-Sed harum dolorem omnis aliquid.', 'ar-Consequatur doloremque qui modi eos minus. Corrupti voluptatibus cupiditate explicabo possimus excepturi. Maiores deleniti sint incidunt est. Nemo ipsum quas nihil illum.', 'en-Harum sit accusantium illo quo maiores veritatis. Aut optio iure rerum non voluptatem. Autem vero blanditiis vitae aspernatur.', '629.00', '559.00', NULL, 0, 'test.jpg', 0, 1, 0, 0, '2021-09-20', '2021-09-20', 13),
(62, '2021-09-20 10:22:32', '2021-09-20 10:22:32', NULL, 'ar_Hic atque voluptatem fugit.', 'en-Quia adipisci nobis id fugiat.', 'en-Molestias hic a laboriosam dolor.', 'ar-Dolores eum a eos consequuntur ipsa maxime impedit. Nihil deleniti architecto non consequatur. Dolores consequatur est esse molestiae sit consequuntur quibusdam. Quos est qui tempore deserunt et et aut. Voluptatem eligendi quidem sit nulla a qui nobis.', 'en-Dicta aut mollitia officia possimus ab in vero. Mollitia sunt cum ea ducimus voluptas ea. Cumque cumque quas quae est. Libero et velit est in aut. Labore ullam a perferendis corrupti impedit. Eum est quam consectetur nisi.', '1482.00', '1412.00', NULL, 1, 'test.jpg', 0, 1, 0, 0, '2021-09-20', '2021-09-20', 1),
(63, '2021-09-20 10:22:32', '2021-09-20 10:22:32', NULL, 'ar_Sint est sunt corrupti.', 'en-Alias dolores quis modi.', 'en-Aspernatur error est quis et.', 'ar-Iure illo minus nihil possimus voluptatibus quia. Est molestias natus laboriosam voluptatibus voluptatem molestias. Omnis est et perferendis temporibus rerum. Veniam voluptatibus dolorem et quod harum.', 'en-Placeat qui alias ullam dolor qui perspiciatis. Quasi provident ipsum itaque dolorem possimus fuga. Tempore assumenda error minima voluptatem numquam voluptas. Tenetur magni qui sint sint.', '457.00', '387.00', NULL, 1, 'test.jpg', 0, 1, 0, 0, '2021-09-20', '2021-09-20', 2),
(64, '2021-09-20 10:22:32', '2021-09-20 10:22:32', NULL, 'ar_In quis magnam quidem nihil.', 'en-Autem odit quo quia est.', 'en-Rerum dolores quae et totam qui.', 'ar-Qui numquam dolor tenetur eum voluptates eum molestiae. Ab et quia sit sint et maiores fugiat. Ut ut quia sapiente explicabo et veritatis nobis quis. Hic iste velit natus nesciunt.', 'en-Maxime debitis molestiae placeat. Non et debitis architecto voluptatem corrupti alias delectus rerum. Nisi distinctio minima nulla dolorem soluta suscipit. Vitae eveniet molestiae enim assumenda voluptas.', '1401.00', '1331.00', NULL, 1, 'test.jpg', 0, 1, 0, 0, '2021-09-20', '2021-09-21', 2),
(65, '2021-09-20 10:22:32', '2021-09-20 10:22:32', NULL, 'ar_Quasi nam cupiditate ut nisi ut.', 'en-Eum quis dolorem voluptas est.', 'en-Sunt sunt quis sit cumque sequi.', 'ar-Minus voluptatem beatae cumque sed aut. Beatae eaque repellat facere quo voluptatibus. Consequatur qui commodi officia soluta omnis.', 'en-Accusamus modi accusantium ut consectetur inventore ut. Et est ut est et voluptatum architecto rem. Incidunt et eveniet explicabo nihil quod velit. Excepturi hic sint aut sit delectus et ullam. Atque laborum numquam placeat.', '658.00', '588.00', NULL, 1, 'test.jpg', 0, 0, 1, 1, '2021-09-20', '2021-09-20', 14),
(66, '2021-09-20 10:22:32', '2021-09-20 10:22:32', NULL, 'ar_Quo sed magnam dolor voluptatum.', 'en-Voluptas illo eaque modi qui quos.', 'en-Aliquam itaque ut rem et.', 'ar-Expedita ad doloribus alias magni sunt exercitationem. Esse eos voluptatem nesciunt consectetur eum nihil tempora. Ullam sunt exercitationem quo minus architecto reprehenderit officiis. Blanditiis quae dolorem ut dolores cum totam.', 'en-Nam necessitatibus est deserunt nesciunt. Consequatur qui quis voluptatibus id iusto. Laudantium corporis rerum ea occaecati voluptatem consequatur ut. Repellendus laborum aliquid perferendis velit voluptatum sed.', '761.00', '691.00', NULL, 0, 'test.jpg', 0, 1, 1, 1, '2021-09-20', '2021-09-21', 15),
(67, '2021-09-20 10:22:32', '2021-09-20 10:22:32', NULL, 'ar_Ab non totam qui consequatur id.', 'en-Blanditiis iusto dolorem ut.', 'en-Voluptas ut est ut ipsa.', 'ar-Dignissimos corrupti in nihil distinctio. Mollitia libero necessitatibus rerum. Illum deleniti voluptatum sit aut natus soluta.', 'en-Ex est animi ut optio repellendus. Dicta dolores itaque rerum quidem sit qui soluta. Et dolor eum explicabo similique rerum sed. Nihil nesciunt rerum est.', '887.00', '817.00', NULL, 1, 'test.jpg', 0, 0, 1, 1, '2021-09-20', '2021-09-21', 14),
(68, '2021-09-20 10:22:33', '2021-09-20 10:22:33', NULL, 'ar_Quaerat sed rerum cum.', 'en-Possimus consequuntur illum ab.', 'en-Alias eius aperiam debitis ut.', 'ar-Minima earum et fuga impedit ad voluptate. Et ut et harum officia. Magni consequatur quidem excepturi error est. Velit et consequuntur ipsa.', 'en-Sit fugiat rerum voluptatem odit omnis nam provident. Voluptas sit qui aliquid esse repudiandae aut. Rem aspernatur dolores sint veniam.', '1338.00', '1268.00', NULL, 1, 'test.jpg', 0, 1, 1, 0, '2021-09-20', '2021-09-21', 2),
(69, '2021-09-20 10:22:33', '2021-09-20 10:22:33', NULL, 'ar_Omnis est dolores et mollitia.', 'en-Ut dolorum quis odit quia.', 'en-Quas cumque libero error.', 'ar-Praesentium neque aliquam fugit praesentium. Ducimus numquam recusandae nihil provident magni delectus voluptas. Sed beatae alias enim. Sint eum quibusdam totam molestiae quos sed. Quia suscipit omnis iure nisi ea.', 'en-Illo sapiente veniam in vitae aspernatur quia. Voluptas pariatur distinctio dolor quis aliquid laudantium. Voluptates quibusdam non aspernatur consequatur aliquam.', '1004.00', '934.00', NULL, 1, 'test.jpg', 0, 1, 0, 0, '2021-09-20', '2021-09-20', 0),
(70, '2021-09-20 10:22:33', '2021-09-20 10:22:33', NULL, 'ar_Et et vitae non sequi perferendis.', 'en-Dolorem est et voluptatem.', 'en-Voluptas quia esse aut rerum.', 'ar-Fugiat sit quibusdam explicabo autem harum rerum voluptatem. Qui commodi veritatis dignissimos in. Quia voluptatem assumenda minus recusandae fugit.', 'en-Ut ut facilis nemo dolorum. Fugiat neque dolorum at quia corrupti. Quibusdam voluptatibus aspernatur voluptas.', '787.00', '717.00', NULL, 0, 'test.jpg', 0, 1, 0, 1, '2021-09-20', '2021-09-21', 14),
(71, '2021-09-20 10:22:33', '2021-09-20 10:22:33', NULL, 'ar_Omnis quia ea dolores.', 'en-Aperiam et dignissimos et tempore.', 'en-Quas quo ipsam accusamus porro.', 'ar-Non illum architecto est nam. Ratione totam iusto placeat quis tenetur.', 'en-Et occaecati consequuntur doloremque odio. Sed occaecati in sapiente distinctio soluta. Animi ut ea aut quod. Omnis molestias omnis aspernatur.', '470.00', '400.00', NULL, 1, 'test.jpg', 0, 1, 0, 1, '2021-09-20', '2021-09-20', 2),
(72, '2021-09-20 10:22:33', '2021-09-20 10:22:33', NULL, 'ar_Recusandae minima quas aut.', 'en-Qui est aut possimus natus.', 'en-Iste voluptas in non aliquam eius.', 'ar-Consequatur velit dolorem laboriosam dolore minima. Et earum natus soluta cum ducimus voluptas. Sapiente est nobis eligendi debitis exercitationem blanditiis quas.', 'en-Ipsa aut excepturi dolorem nam. Nobis mollitia repellendus expedita earum ea repellendus dolore. Aliquam et inventore facilis. Corporis nisi commodi est enim velit ipsam. Sint asperiores qui optio quia.', '486.00', '416.00', NULL, 0, 'test.jpg', 0, 1, 0, 1, '2021-09-20', '2021-09-20', 4),
(73, '2021-09-20 10:22:33', '2021-09-20 10:22:33', NULL, 'ar_Voluptas doloremque aut magni qui.', 'en-Autem ut sit nulla.', 'en-Rem quisquam nobis ut nihil rerum.', 'ar-Voluptatem mollitia fugit qui. Laudantium adipisci occaecati eveniet culpa. Velit quasi voluptas quibusdam.', 'en-Ut nesciunt qui quaerat non expedita repellat. Vitae et et accusantium. Delectus doloribus quis hic facere eos.', '686.00', '616.00', NULL, 0, 'test.jpg', 0, 0, 0, 0, '2021-09-20', '2021-09-20', 13),
(74, '2021-09-20 10:22:33', '2021-09-20 10:22:33', NULL, 'ar_Ut quo consequatur architecto sit.', 'en-Ipsum aperiam quia nobis quod non.', 'en-Quis a esse deleniti at.', 'ar-Aut et quidem et corporis. Porro sed incidunt enim nulla neque. Soluta nesciunt sequi est iusto sed doloremque tempore vel. Sunt nulla odio nobis provident dolore molestiae reiciendis.', 'en-Nesciunt facere et sed et reprehenderit sit. Veniam architecto consequuntur odit quibusdam. Optio dicta quasi quia et sunt sed ut. Quia sed ad laboriosam rerum labore.', '1124.00', '1054.00', NULL, 1, 'test.jpg', 0, 1, 1, 0, '2021-09-20', '2021-09-20', 2),
(75, '2021-09-20 10:22:33', '2021-09-20 10:22:33', NULL, 'ar_Rerum eum sunt dicta qui est.', 'en-Enim nobis modi deleniti voluptas.', 'en-Voluptate autem incidunt natus.', 'ar-At porro aliquid sed. Non dicta laboriosam cupiditate cumque. Aut et ut incidunt fuga maiores in nihil.', 'en-Odit nobis sed quaerat quod cupiditate consequatur. Fugit perspiciatis optio voluptas qui. Qui quis molestias eum omnis cumque sed voluptatem. Voluptas quo nostrum eos. Hic numquam sit nobis soluta quas tenetur. Esse dolor accusamus laudantium.', '518.00', '448.00', NULL, 0, 'test.jpg', 0, 0, 0, 0, '2021-09-20', '2021-09-20', 6),
(76, '2021-09-20 10:22:33', '2021-09-20 10:22:33', NULL, 'ar_Nemo consequuntur sint eum.', 'en-Ex alias minima vitae et.', 'en-Enim quae nemo est.', 'ar-Quis laborum molestiae doloremque quo consequatur. Est repellat illum nihil accusamus aut omnis ea saepe.', 'en-Quaerat fugit libero quae autem veritatis quod. Nisi et dolor itaque dolore possimus atque et. Doloremque repellat cupiditate beatae delectus deleniti maxime. Eum fugiat consequatur corrupti. Saepe molestiae cum earum asperiores.', '618.00', '548.00', NULL, 1, 'test.jpg', 0, 1, 0, 1, '2021-09-20', '2021-09-20', 7),
(77, '2021-09-20 10:22:33', '2021-09-20 10:22:33', NULL, 'ar_Quam odio id at ullam et.', 'en-Tempore cumque nulla placeat.', 'en-Amet velit et voluptas enim eum.', 'ar-Quos dolorem et quod molestiae. Aut iusto officia sit qui rerum voluptates sed expedita. Voluptas quia quo rem deserunt repellendus voluptatem fugit. Ut rem id autem consequatur pariatur soluta.', 'en-Ipsa unde sint omnis deserunt veritatis enim. Expedita molestiae aspernatur possimus sed rerum. Amet dolores ducimus rerum facilis.', '505.00', '435.00', NULL, 1, 'test.jpg', 0, 0, 1, 1, '2021-09-20', '2021-09-21', 3),
(78, '2021-09-20 10:22:33', '2021-09-20 10:22:33', NULL, 'ar_Accusamus ea et ex velit.', 'en-Nihil quasi sed et voluptas.', 'en-Omnis dicta vitae possimus omnis.', 'ar-Magni optio voluptate aut eveniet ullam. Harum id cupiditate ut dolorem quas doloribus odio. Sit illo id maiores reprehenderit ut minima error. Aut sit animi ut illum. Fuga eum harum dicta quibusdam qui soluta.', 'en-Et suscipit provident ut sit perspiciatis aliquid. Id adipisci voluptas blanditiis natus temporibus rem. Non laboriosam omnis consectetur voluptas nulla. Quidem magni adipisci autem qui occaecati ullam.', '650.00', '580.00', NULL, 1, 'test.jpg', 0, 0, 1, 1, '2021-09-20', '2021-09-20', 10),
(79, '2021-09-20 10:22:33', '2021-09-20 10:22:33', NULL, 'ar_Iste cupiditate ipsa nihil quo.', 'en-Qui quia harum omnis qui fugit.', 'en-Dolor minus sed et.', 'ar-Rerum voluptas et sit ipsa. Eveniet omnis laborum voluptates sunt est id corrupti sed. Magnam delectus consequatur omnis et.', 'en-Id a aut eligendi aliquam labore. Possimus quis dolores placeat aperiam et. Eos labore molestias sit nobis et suscipit. Illum quia pariatur enim iste.', '862.00', '792.00', NULL, 0, 'test.jpg', 0, 0, 0, 1, '2021-09-20', '2021-09-20', 10),
(80, '2021-09-20 10:22:34', '2021-09-20 10:22:34', NULL, 'ar_Ipsa ipsam veniam nihil aut.', 'en-Omnis tempore optio et est.', 'en-Repudiandae nobis velit earum.', 'ar-Dolores natus qui iusto vel. Facere eaque ut facere sed pariatur inventore eius. Voluptates in id nesciunt voluptas nobis.', 'en-Culpa numquam qui error ex et accusamus. Optio iusto perspiciatis possimus minima. Consequatur cum quia aspernatur maxime eligendi laborum. Quibusdam nisi a rem aliquid nihil recusandae qui ea.', '865.00', '795.00', NULL, 1, 'test.jpg', 0, 0, 0, 1, '2021-09-20', '2021-09-21', 13),
(81, '2021-09-20 10:22:34', '2021-09-20 10:22:34', NULL, 'ar_Et non quo rem.', 'en-Qui et esse modi.', 'en-Sunt dolor non et.', 'ar-Qui laborum laboriosam beatae in consequatur iure. In ullam velit eos aut eaque fuga. Voluptatem sequi quia quia excepturi voluptatem pariatur reiciendis eos.', 'en-Sapiente iste sapiente in illum. Dolores accusantium non adipisci totam molestiae voluptatem quo. Eius consequatur dignissimos dolor corrupti minus.', '521.00', '451.00', NULL, 1, 'test.jpg', 0, 0, 1, 0, '2021-09-20', '2021-09-21', 0),
(82, '2021-09-20 10:22:34', '2021-09-20 10:22:34', NULL, 'ar_Alias enim omnis perferendis.', 'en-Fuga quod et dolor.', 'en-Eos et impedit et et aut ut.', 'ar-Sunt ullam dolor et culpa sit distinctio error. Est omnis perspiciatis ex quis. Quis id eum et error.', 'en-Odit quia laudantium provident aperiam et dignissimos omnis. Et reiciendis sed fugit et. Minus laboriosam quae modi magnam. Nihil vero ut inventore eius exercitationem.', '795.00', '725.00', NULL, 0, 'test.jpg', 0, 1, 1, 0, '2021-09-20', '2021-09-20', 1);
INSERT INTO `products` (`id`, `created_at`, `updated_at`, `deleted_at`, `name_ar`, `name_en`, `slug`, `description_ar`, `description_en`, `regular_price`, `sale_price`, `discount_percentage`, `in_sale`, `img`, `sort`, `is_recommended`, `is_best`, `has_options`, `start_sale`, `end_sale`, `quantity`) VALUES
(83, '2021-09-20 10:22:34', '2021-09-20 10:22:34', NULL, 'ar_Maxime aperiam cumque totam sint.', 'en-Nobis quia in et cum perspiciatis.', 'en-Velit architecto quis tenetur.', 'ar-Deserunt voluptas eos officia. Ut expedita est ab numquam. Sint qui ducimus sint. Nihil eius maiores unde ipsa cumque omnis nobis. Alias ea nobis nihil optio sed maxime sit.', 'en-Quisquam voluptates inventore animi quibusdam velit. Aliquid culpa commodi sit fugit ullam similique accusantium. Esse occaecati quisquam animi sapiente. Ut consequatur voluptates earum ullam mollitia consequuntur saepe.', '899.00', '829.00', NULL, 0, 'test.jpg', 0, 0, 1, 0, '2021-09-20', '2021-09-20', 4),
(84, '2021-09-20 10:22:34', '2021-09-20 10:22:34', NULL, 'ar_Iure nihil quod rerum dolor qui.', 'en-Sunt omnis quae beatae eum quos.', 'en-Pariatur ut sint hic blanditiis.', 'ar-Magnam excepturi libero quaerat iste voluptate dolores. Fugiat magni eius sint minus cupiditate eius nemo. Asperiores voluptas perspiciatis autem saepe illo est. Vel nam nisi quo enim veritatis sit.', 'en-Quia molestiae tempora modi in modi. Est perspiciatis assumenda quia repellendus. Corporis repellat voluptatibus numquam eius.', '1010.00', '940.00', NULL, 0, 'test.jpg', 0, 0, 0, 1, '2021-09-20', '2021-09-20', 6),
(85, '2021-09-20 10:22:34', '2021-09-20 10:22:34', NULL, 'ar_Rerum non et ad ea id amet.', 'en-Velit sed odit optio laudantium.', 'en-Velit nihil cumque odio placeat.', 'ar-Aut non voluptate facilis ullam consequuntur ut ullam. Aut et quis cupiditate. Aut quia non voluptate minus officiis qui voluptatem quasi. Omnis ea aspernatur excepturi sed aut harum tenetur.', 'en-Qui voluptate beatae magnam suscipit. Eius sint voluptate occaecati sequi eum quis officiis. Quo voluptas eos molestias. Laboriosam ratione id odio assumenda ullam cumque non.', '774.00', '704.00', NULL, 1, 'test.jpg', 0, 0, 0, 0, '2021-09-20', '2021-09-21', 8),
(86, '2021-09-20 10:22:34', '2021-09-20 10:22:34', NULL, 'ar_Provident omnis et sit id magni.', 'en-Eos rerum ut nihil tempora.', 'en-Consequatur autem hic rerum.', 'ar-Magni sint consequuntur modi deleniti saepe. Exercitationem deserunt repellat qui quae iste et enim. Nisi explicabo delectus nemo quia eos. Aspernatur ut nesciunt et exercitationem similique magni et.', 'en-Rerum commodi tenetur cupiditate dignissimos enim. Qui eum sint est et. Sint in tempora corrupti doloribus. Blanditiis quo ut assumenda quidem commodi. Sit vel omnis aut ipsum sed placeat blanditiis. Repudiandae enim debitis ut nostrum ea provident.', '1047.00', '977.00', NULL, 1, 'test.jpg', 0, 1, 0, 0, '2021-09-20', '2021-09-21', 15),
(87, '2021-09-20 10:22:34', '2021-09-20 10:22:34', NULL, 'ar_Laudantium rerum et voluptatibus.', 'en-Suscipit dicta et qui ducimus.', 'en-Qui nesciunt veniam qui.', 'ar-Ex quo aut saepe incidunt ratione error deserunt. Totam esse aspernatur exercitationem laboriosam ipsum. Ut inventore dicta soluta sit.', 'en-Officiis voluptatem error ducimus iste cupiditate. Est recusandae excepturi culpa et omnis. Dolores dolore accusantium cupiditate dolorem veniam. Facilis quaerat maiores et deserunt et.', '1239.00', '1169.00', NULL, 1, 'test.jpg', 0, 1, 0, 1, '2021-09-20', '2021-09-20', 9),
(88, '2021-09-20 10:22:34', '2021-09-20 10:22:34', NULL, 'ar_Et architecto aut eum nemo.', 'en-Velit velit est aut quia sit sed.', 'en-Sint beatae sed quasi et impedit.', 'ar-Nulla suscipit sed cupiditate sed nobis nulla. Consequatur ducimus ut odio ea non et itaque. Mollitia itaque optio quia quia soluta omnis. Velit inventore eligendi aspernatur accusantium.', 'en-Ut ducimus ut veritatis alias quia ut placeat. Quasi nihil quo labore nisi sit omnis et. Temporibus neque nihil odit eum.', '437.00', '367.00', NULL, 1, 'test.jpg', 0, 1, 0, 1, '2021-09-20', '2021-09-21', 13),
(89, '2021-09-20 10:22:34', '2021-09-20 10:22:34', NULL, 'ar_Quasi rerum et reiciendis et ut.', 'en-Facere ut sed non.', 'en-Id eum illum itaque laudantium.', 'ar-Impedit quae beatae qui totam. Quo possimus consequatur cumque in sit. Sit quo aperiam enim harum nostrum similique sed. Aut consequatur molestiae consectetur quaerat eaque excepturi ipsam.', 'en-Veritatis non autem rem id nemo nemo. Quia nam id nostrum ad. Libero ducimus vel pariatur autem qui commodi dolor. Et iusto alias dolor ea ea. Suscipit eligendi et et eos exercitationem quod consectetur. Cum doloribus et assumenda fugit.', '1101.00', '1031.00', NULL, 1, 'test.jpg', 0, 0, 1, 1, '2021-09-20', '2021-09-20', 6),
(90, '2021-09-20 10:22:34', '2021-09-20 10:22:34', NULL, 'ar_Deleniti sit dolor aut.', 'en-Rerum aliquam mollitia qui nihil.', 'en-Corrupti commodi nulla sit.', 'ar-Quidem qui cum dolor maxime dolores tempore cupiditate. Nostrum nobis quia illum pariatur perferendis consequatur fuga. Reiciendis quis est aut porro odio et ab culpa. Aut et est eum doloremque quis.', 'en-Quae perspiciatis aut deserunt recusandae cupiditate ab voluptatem numquam. Qui nihil minus officiis temporibus autem similique. Tenetur mollitia occaecati voluptas magni ut ducimus.', '1144.00', '1074.00', NULL, 1, 'test.jpg', 0, 0, 0, 0, '2021-09-20', '2021-09-20', 9),
(91, '2021-09-20 10:22:34', '2021-09-20 10:22:34', NULL, 'ar_Eligendi aliquid ab deserunt iure.', 'en-Eius et ut qui quo totam.', 'en-Velit quia est voluptate.', 'ar-Nam corporis quaerat quis totam rerum. Aut non molestias sapiente velit. Iste quis tenetur et natus. Dolor aut quae qui esse sunt.', 'en-Voluptas et nesciunt vitae officia deleniti est. Facere aut nesciunt et recusandae quod. Non accusantium sit accusamus ipsum natus id. Velit sint quo omnis odit eligendi et sunt.', '910.00', '840.00', NULL, 0, 'test.jpg', 0, 0, 0, 0, '2021-09-20', '2021-09-20', 8),
(92, '2021-09-20 10:22:34', '2021-09-20 10:22:34', NULL, 'ar_Et velit nihil modi quae.', 'en-Earum sapiente expedita et.', 'en-Ut vel aut suscipit ut beatae.', 'ar-Illum consequatur explicabo laborum labore eum consequatur assumenda. Blanditiis dolorem illo et quibusdam accusamus eos molestiae. Dolorem molestias et sunt delectus in. Occaecati pariatur voluptate maiores sunt dignissimos distinctio.', 'en-Cupiditate iste voluptatem sint quos molestiae aut officiis. Dolorem mollitia animi quam. Fugiat quas ea ab dolorem qui.', '984.00', '914.00', NULL, 1, 'test.jpg', 0, 1, 1, 0, '2021-09-20', '2021-09-21', 12),
(93, '2021-09-20 10:22:34', '2021-09-20 10:22:34', NULL, 'ar_Temporibus at qui et quae quis.', 'en-Accusamus rerum velit vel est.', 'en-Ut odit et et quia quia voluptas.', 'ar-Et minus numquam illum nobis est laboriosam. Quos praesentium rerum veniam voluptatem. Iusto expedita perspiciatis officiis sapiente quia. Eveniet distinctio qui molestias deleniti vitae.', 'en-Delectus voluptatem odio totam dolore cumque. Iusto aut enim et repellendus ipsam consectetur quia. Cupiditate rerum ab ut est deleniti. Laboriosam quasi et tempore eum.', '475.00', '405.00', NULL, 0, 'test.jpg', 0, 0, 1, 1, '2021-09-20', '2021-09-21', 4),
(94, '2021-09-20 10:22:34', '2021-09-20 10:22:34', NULL, 'ar_Voluptatem quos quo eveniet neque.', 'en-Ipsum aut quia a ipsa iste in.', 'en-Non vel facere a illo nobis.', 'ar-Ea error aut exercitationem hic adipisci recusandae. Optio ut odio dolor in assumenda quaerat. Dicta maiores totam quisquam nihil. Sunt dolores veritatis commodi sit omnis nihil est.', 'en-Quisquam ea et velit ducimus nihil blanditiis quam atque. Molestiae libero fugiat qui cupiditate. Quos facere et aut nobis. Enim omnis aut accusantium assumenda laboriosam vitae. Iusto suscipit cumque amet et consequatur laudantium numquam.', '1459.00', '1389.00', NULL, 1, 'test.jpg', 0, 0, 0, 1, '2021-09-20', '2021-09-20', 11),
(95, '2021-09-20 10:22:34', '2021-09-20 10:22:34', NULL, 'ar_Qui et id eos velit et.', 'en-Ut tempora quasi dolor.', 'en-Ut sequi nihil rerum.', 'ar-Laborum vitae est officiis ut. Temporibus dicta tempore accusamus asperiores numquam molestiae porro. Saepe nesciunt maxime ad numquam pariatur iste nihil.', 'en-Et sint doloribus occaecati consectetur. Aut voluptates dolore quibusdam est. Sed repellat doloribus quis voluptatem ullam vel. Id natus ipsa occaecati rem et mollitia. Omnis maxime rerum aut fugiat perferendis totam.', '640.00', '570.00', NULL, 1, 'test.jpg', 0, 0, 0, 0, '2021-09-20', '2021-09-21', 13),
(96, '2021-09-20 10:22:35', '2021-09-20 10:22:35', NULL, 'ar_Maxime et corporis delectus.', 'en-Aliquam voluptas error qui quo.', 'en-Odit quas minus consequatur et.', 'ar-Itaque ab sit in architecto qui. Quibusdam ducimus adipisci aut impedit doloremque sequi nesciunt. Tempore harum dicta molestiae consequuntur. Quisquam recusandae dolorum sint et occaecati dolorum ex.', 'en-Omnis qui esse enim tempore. Explicabo debitis nulla fuga autem nostrum est. Quas eos enim sapiente quia quae veritatis. At iusto recusandae provident quod occaecati. Saepe sed et exercitationem iure consequatur. Accusamus iste magnam magni eos in.', '1194.00', '1124.00', NULL, 1, 'test.jpg', 0, 1, 1, 1, '2021-09-20', '2021-09-20', 1),
(97, '2021-09-20 10:22:35', '2021-09-20 10:22:35', NULL, 'ar_Dicta odio voluptatem unde eius.', 'en-Doloribus nesciunt et facere.', 'en-Minus ut sed possimus possimus.', 'ar-Mollitia voluptas sint quas tenetur rerum qui vel. A libero voluptatibus odio consectetur dignissimos quas. Distinctio dolores aliquid ut.', 'en-Voluptatem non rem eos veniam cum suscipit quia. Officiis qui praesentium ea consequatur voluptas perspiciatis quos officia. Voluptate beatae eos modi aspernatur laboriosam labore nihil.', '1083.00', '1013.00', NULL, 1, 'test.jpg', 0, 1, 1, 1, '2021-09-20', '2021-09-20', 15),
(98, '2021-09-20 10:22:35', '2021-09-20 10:22:35', NULL, 'ar_Nulla ut rerum sint eveniet.', 'en-Ex velit qui voluptas facere.', 'en-Quas delectus sed autem fuga.', 'ar-Voluptatem quo eum et sit quia. Culpa saepe repellat quia reiciendis illo eos perspiciatis.', 'en-Rerum et ut eius reprehenderit dolorem nam voluptatem. Inventore hic ipsum enim doloribus deserunt fugiat non eum. Ipsam libero quae illum repellendus rerum aliquid. Adipisci sit et occaecati autem nihil alias.', '1412.00', '1342.00', NULL, 0, 'test.jpg', 0, 0, 1, 1, '2021-09-20', '2021-09-21', 1),
(99, '2021-09-20 10:22:35', '2021-09-20 10:22:35', NULL, 'ar_Ab ut dolore libero.', 'en-Facere deserunt quod possimus.', 'en-Sint natus assumenda non et.', 'ar-Recusandae quia ea sint omnis rerum impedit quia. Debitis non expedita culpa molestiae neque. Ut facere quia repellendus eligendi quo nobis. Odit quod et pariatur. Et sit beatae quasi unde. Dolores sit iusto eligendi iste itaque dolores ad placeat.', 'en-Rerum voluptates ut et. Sapiente temporibus et similique. Temporibus et nulla sit fugit.', '1434.00', '1364.00', NULL, 0, 'test.jpg', 0, 0, 0, 1, '2021-09-20', '2021-09-20', 3),
(100, '2021-09-20 10:22:35', '2021-09-20 10:22:35', NULL, 'ar_Omnis neque sit quia a.', 'en-Ut ipsa in provident voluptas aut.', 'en-Voluptas repudiandae culpa iusto.', 'ar-Quae qui impedit unde dolore cupiditate nihil voluptatem sint. Aliquam dolor amet quia quasi quis facere. Quidem velit quas voluptatem quis voluptatibus corporis illo hic.', 'en-Tenetur eos quos sunt ex eveniet. Qui voluptatem quia non accusamus recusandae. Dolor suscipit consequatur voluptatem in. Perspiciatis odio quibusdam cumque minus. Minus iusto libero molestiae non est.', '767.00', '697.00', NULL, 0, 'test.jpg', 0, 0, 1, 0, '2021-09-20', '2021-09-21', 4),
(101, '2021-09-20 10:22:35', '2021-09-20 10:22:35', NULL, 'ar_Harum non sit fugiat ut.', 'en-Similique magnam aut rem ut.', 'en-Qui ut vel tenetur et dolorem non.', 'ar-Delectus aut animi cumque doloremque reprehenderit. Nihil quo doloremque est et corrupti dolores. Deleniti vel quam porro et. Aut asperiores consequuntur ea id deleniti inventore et. Alias voluptatem neque voluptatem debitis.', 'en-Temporibus cumque doloribus eum omnis eos maxime quibusdam. Enim voluptates ducimus rerum est adipisci. Est quas est dolorem. Qui dolor perspiciatis molestiae et perferendis.', '877.00', '807.00', NULL, 1, 'test.jpg', 0, 0, 1, 0, '2021-09-20', '2021-09-21', 4),
(102, '2021-09-20 10:22:35', '2021-09-20 10:22:35', NULL, 'ar_Nam quia omnis enim consequatur.', 'en-Aliquid dolor numquam ratione.', 'en-Cumque quae similique esse magni.', 'ar-Fuga sed voluptatem voluptas nihil nostrum dolorem architecto. Nisi incidunt et illum labore. Sit ullam consequuntur eligendi vitae dolorem. Repudiandae ratione quo eum incidunt.', 'en-Quis rerum odio consequatur repellendus aut et. Adipisci placeat et at. Iste quia et rerum qui dolorem.', '553.00', '483.00', NULL, 0, 'test.jpg', 0, 1, 1, 0, '2021-09-20', '2021-09-21', 6),
(103, '2021-09-20 10:22:35', '2021-09-20 10:22:35', NULL, 'ar_Molestiae laboriosam sint vero.', 'en-Est quia delectus non facere.', 'en-Placeat error porro a ducimus.', 'ar-Facilis sapiente et officiis accusantium enim labore officia. Quasi sed et neque eum similique.', 'en-Nesciunt voluptates et ad dolore maiores veniam eos. Incidunt impedit aperiam et distinctio doloremque. Aspernatur voluptatum eligendi rem et nulla et molestiae architecto. Id consectetur quia exercitationem itaque.', '659.00', '589.00', NULL, 1, 'test.jpg', 0, 1, 1, 0, '2021-09-20', '2021-09-21', 14),
(104, '2021-09-20 10:22:35', '2021-09-20 10:22:35', NULL, 'ar_Animi et sed quam ut dicta.', 'en-Ad dolore iste et porro in.', 'en-Nemo et aut ducimus.', 'ar-Voluptatem odio voluptatum veniam quidem assumenda. Inventore praesentium voluptatum voluptatem deleniti magnam tempore impedit. Exercitationem velit expedita deleniti odio. Expedita quos possimus quaerat ea vel.', 'en-Ut nam occaecati sed facere sit. Quam tenetur laboriosam asperiores praesentium exercitationem odit illo. Debitis ut et hic perferendis. Libero ut dolore laudantium.', '488.00', '418.00', NULL, 0, 'test.jpg', 0, 0, 0, 1, '2021-09-20', '2021-09-21', 13),
(105, '2021-09-20 10:22:35', '2021-09-20 10:22:35', NULL, 'ar_Sit ea sunt qui et vel eum.', 'en-Et eum animi quidem est sequi.', 'en-Sed sint delectus aut eum quod.', 'ar-Enim animi nam aut ullam eveniet. Voluptatem necessitatibus aut fugit explicabo dolores omnis. Aut dolore eligendi qui voluptatem rem natus. Quidem non sit non sequi eligendi atque fugiat.', 'en-Quia beatae et et saepe. Veritatis dicta dolores unde et minima nulla. Ducimus voluptatibus laborum sed soluta. Blanditiis qui incidunt et aut atque et. Quia est amet rerum consequatur officiis qui quasi. Sint illum commodi omnis fugit nulla perferendis.', '1105.00', '1035.00', NULL, 1, 'test.jpg', 0, 0, 1, 1, '2021-09-20', '2021-09-21', 2),
(106, '2021-09-20 10:22:35', '2021-09-20 10:22:35', NULL, 'ar_Quam quis voluptas quo voluptates.', 'en-Voluptate soluta ut iste ut.', 'en-Facilis sed placeat adipisci.', 'ar-Ut excepturi aut sit ipsa inventore sequi porro. Facere quo ullam qui optio et rerum et. Dolor est eligendi dolore dolores ad. Cumque voluptatem nobis rerum quae nihil.', 'en-Tempora natus qui animi fugiat reprehenderit dicta. Culpa asperiores omnis amet nam magni. Et sit iste sit quia quo beatae. Voluptatem ut similique possimus quae.', '664.00', '594.00', NULL, 1, 'test.jpg', 0, 1, 1, 1, '2021-09-20', '2021-09-21', 0),
(107, '2021-09-20 10:22:35', '2021-09-20 10:22:35', NULL, 'ar_Suscipit quaerat amet officiis.', 'en-Non magni voluptas est.', 'en-Est beatae et voluptate.', 'ar-Ut molestiae fuga nesciunt nostrum alias. Architecto asperiores necessitatibus molestiae ea corporis. Velit magnam perspiciatis dolores et repudiandae aut.', 'en-Aut id assumenda eaque et sint esse. Animi et adipisci rerum deserunt sit eum in officia. Tenetur animi ipsa vero aliquid sit reprehenderit soluta ipsum. Dicta officia qui deserunt. Aut est unde voluptatibus nam laboriosam maxime.', '857.00', '787.00', NULL, 0, 'test.jpg', 0, 1, 1, 0, '2021-09-20', '2021-09-20', 0),
(108, '2021-09-20 10:22:35', '2021-09-20 10:22:35', NULL, 'ar_Omnis error quod odio sit.', 'en-Tempora aut enim dolorem est ut.', 'en-Earum id sint similique assumenda.', 'ar-Nulla laudantium aut ipsum nobis officia quidem. Veniam dolor quia dolores ut eum. Doloremque ipsa qui soluta accusamus. Quasi cupiditate necessitatibus ut repudiandae sit veritatis.', 'en-Autem quia sed vero hic possimus. Soluta doloribus et totam necessitatibus. Adipisci explicabo expedita sequi nobis.', '957.00', '887.00', NULL, 1, 'test.jpg', 0, 1, 0, 1, '2021-09-20', '2021-09-21', 3),
(109, '2021-09-20 10:22:35', '2021-09-20 10:22:35', NULL, 'ar_Placeat omnis beatae explicabo.', 'en-Et temporibus eos ut et fugiat.', 'en-Hic id eum aut nulla quo.', 'ar-Perspiciatis consequatur fugit ipsa optio placeat sint dolor. Ullam exercitationem ut minus provident. Quaerat quibusdam quo quisquam deleniti. Commodi sit rerum sint qui pariatur exercitationem eligendi.', 'en-Quos quas nihil fuga nulla. Quos dolores repellat unde. Dolor odio neque quia aut. Reprehenderit excepturi rerum inventore earum.', '957.00', '887.00', NULL, 1, 'test.jpg', 0, 0, 0, 1, '2021-09-20', '2021-09-20', 15),
(110, '2021-09-20 10:22:35', '2021-09-20 10:22:35', NULL, 'ar_Autem harum incidunt nihil.', 'en-Eum nostrum aut dolor et.', 'en-Placeat sit at saepe.', 'ar-Et exercitationem voluptatem saepe sequi. Vel quae laudantium sapiente quae animi repellendus. Laudantium et a labore reprehenderit dicta qui dolores. Dolor ab ut quas ea rem.', 'en-Est quaerat distinctio in omnis enim nostrum dolorum. Voluptatem non est fugit quo. Sunt cupiditate provident maiores optio velit molestiae ipsam. Nesciunt nobis rerum ipsa aut fugiat vitae.', '1248.00', '1178.00', NULL, 0, 'test.jpg', 0, 0, 0, 0, '2021-09-20', '2021-09-21', 4),
(111, '2021-09-20 10:22:35', '2021-09-20 10:22:35', NULL, 'ar_Quia vel voluptatem molestias.', 'en-Totam qui est voluptatem vel ut.', 'en-Dolorum hic ipsum blanditiis.', 'ar-Facilis et in exercitationem. Temporibus repudiandae nesciunt officia sint officia inventore.', 'en-Quo molestias eos sed rerum. Temporibus quo autem et quibusdam qui id molestiae. Incidunt eius voluptate natus quo aut facere consequatur sint. Eius eos vel tempora molestiae voluptates est quis.', '1299.00', '1229.00', NULL, 0, 'test.jpg', 0, 0, 0, 1, '2021-09-20', '2021-09-21', 15),
(112, '2021-09-20 10:22:35', '2021-09-20 10:22:35', NULL, 'ar_Error et in odit est quia.', 'en-Id nisi adipisci omnis quos.', 'en-Quod voluptas et nihil suscipit.', 'ar-Voluptatem esse illum ipsa maiores. Amet voluptatem veritatis ipsa eligendi ut. Ipsum dolor molestias fugit et magnam. Ducimus libero qui optio praesentium atque. Illo sed non harum voluptatem sit aut consequatur.', 'en-Ipsum eos eum nulla ad fugit quis. Facilis non laboriosam vel ut omnis eligendi dolore odit. Et reprehenderit sunt id aut quos aut vel. Impedit cumque consectetur quis nemo ut dolorum.', '1104.00', '1034.00', NULL, 0, 'test.jpg', 0, 1, 0, 1, '2021-09-20', '2021-09-20', 13),
(113, '2021-09-20 10:22:36', '2021-09-20 10:22:36', NULL, 'ar_Rerum ut corrupti eum aut.', 'en-Similique quibusdam et quia.', 'en-Ut earum suscipit odio explicabo.', 'ar-Id molestias ipsa voluptate amet architecto necessitatibus molestias eligendi. Iusto et est sed quia ut aspernatur sed nemo. Deserunt aliquid aliquam non perferendis. Voluptatem rerum sint iste voluptas mollitia nostrum.', 'en-Velit quisquam quidem cumque consequatur sit non et repudiandae. Totam ut eligendi quo laboriosam. Et voluptas temporibus ullam provident itaque. Nam in necessitatibus numquam numquam ab aliquam at quo. In libero animi reprehenderit molestiae.', '630.00', '560.00', NULL, 1, 'test.jpg', 0, 0, 1, 0, '2021-09-20', '2021-09-20', 6),
(114, '2021-09-20 10:22:36', '2021-09-20 10:22:36', NULL, 'ar_Magni sunt dolores placeat.', 'en-Quas molestiae nam omnis sit.', 'en-Quo ad eum mollitia magnam qui.', 'ar-Blanditiis et ipsam ad tenetur. Aut ut et et consequatur hic voluptas. Maiores ab omnis et quaerat qui nihil aut. Quod et ipsam omnis nostrum nemo iste. Sit cupiditate quas ab. Aliquid distinctio libero et voluptas in dolor est.', 'en-Ea voluptates exercitationem et vel aperiam optio. Voluptates nam numquam architecto omnis. Aut adipisci excepturi cum sed. Enim voluptatem culpa qui atque. Eaque quos dolor et aspernatur. Similique saepe quaerat velit ea. Neque autem voluptas dolores.', '927.00', '857.00', NULL, 1, 'test.jpg', 0, 1, 1, 1, '2021-09-20', '2021-09-21', 3),
(115, '2021-09-20 10:22:36', '2021-09-20 10:22:36', NULL, 'ar_Aut nostrum et quo sit quis.', 'en-Pariatur quae eius voluptas cum.', 'en-Sed hic quidem ipsum.', 'ar-Accusamus neque amet aut autem est dicta. Similique et delectus et id consequatur nobis perferendis facere. Velit dolor quidem iste eius adipisci labore eos possimus. Reiciendis deleniti perferendis sit aperiam quo dolorem.', 'en-Repellendus maxime ex in recusandae rerum iste. Non aut voluptatem quia tempora illum fugiat suscipit. Qui voluptatem est et aut eos architecto consequuntur. Doloremque in eaque facilis est qui id aspernatur. In eaque voluptate eaque.', '500.00', '430.00', NULL, 1, 'test.jpg', 0, 0, 1, 1, '2021-09-20', '2021-09-21', 13),
(116, '2021-09-20 10:22:36', '2021-09-20 10:22:36', NULL, 'ar_Quia eaque omnis nisi libero.', 'en-Consequatur aut possimus ut.', 'en-Velit incidunt sit autem repellat.', 'ar-Ut minus et eaque ea iure omnis. Aliquid iure vero voluptatem non cumque architecto et. Explicabo amet qui ducimus ut natus.', 'en-Ut fuga aut dolorum beatae. Rerum aut eveniet pariatur minus ut odio vitae. Consequatur culpa consequatur ut soluta laboriosam necessitatibus aliquam.', '561.00', '491.00', NULL, 0, 'test.jpg', 0, 1, 0, 1, '2021-09-20', '2021-09-21', 8),
(117, '2021-09-20 10:22:36', '2021-09-20 10:22:36', NULL, 'ar_Ipsum ad ipsam quas voluptatem.', 'en-Assumenda qui qui modi.', 'en-Et earum est similique.', 'ar-Excepturi non commodi molestiae quis. Labore quasi nihil molestiae laborum itaque beatae provident. Aut fugiat voluptatum sit enim nisi et voluptas. Placeat ut in officia distinctio.', 'en-Quis odio dolorem qui voluptate consequatur nesciunt eos. Consequatur alias dolorum facilis molestiae fugit eos nobis. Sed ea quis ducimus laboriosam qui.', '741.00', '671.00', NULL, 0, 'test.jpg', 0, 1, 1, 1, '2021-09-20', '2021-09-20', 4),
(118, '2021-09-20 10:22:36', '2021-09-20 10:22:36', NULL, 'ar_Expedita eum optio ut.', 'en-Iusto sunt ullam aliquid nam.', 'en-Dignissimos fuga deserunt id est.', 'ar-Et omnis rem soluta quas enim. Hic doloribus quibusdam omnis ea vel expedita repudiandae. At mollitia earum est quos. Eos neque repellendus quis.', 'en-Neque cumque eum cumque omnis dolorum necessitatibus. Mollitia dolorum omnis voluptas modi. Illum autem sint molestiae aliquid aut.', '855.00', '785.00', NULL, 1, 'test.jpg', 0, 0, 1, 0, '2021-09-20', '2021-09-21', 10),
(119, '2021-09-20 10:22:36', '2021-09-20 10:22:36', NULL, 'ar_Sit vitae rerum est expedita qui.', 'en-Quis est quod ipsam enim.', 'en-Ullam iure aperiam ut aut in quis.', 'ar-Ipsum repudiandae sed sint debitis. Nisi est dolorem et nihil ratione quia. Ipsa rerum ab consequatur dolorem ut. Quo officia velit non ducimus animi iste.', 'en-Et ea est alias consequatur et. Veritatis praesentium ea praesentium corporis architecto minus et ut. Qui cum aut sint magnam. Cumque laudantium explicabo dolorem. Quo excepturi qui recusandae sint mollitia. Dicta incidunt et nisi quis.', '466.00', '396.00', NULL, 0, 'test.jpg', 0, 1, 1, 0, '2021-09-20', '2021-09-20', 1),
(120, '2021-09-20 10:22:36', '2021-09-20 10:22:36', NULL, 'ar_Aperiam libero rerum ipsum animi.', 'en-Debitis maiores sit sit in earum.', 'en-Voluptas rem non optio atque.', 'ar-Illum vel libero veniam quae error quod. Praesentium minus non at placeat doloremque distinctio in. Sapiente laborum exercitationem doloremque eligendi. Laborum cupiditate omnis rem excepturi adipisci.', 'en-Suscipit sit et vel. Et qui autem ducimus quaerat quos. Beatae dolorem voluptas suscipit quas adipisci enim. Vel et ut ducimus reprehenderit sed repellat voluptates non. Vel id deserunt non sed placeat unde animi.', '1129.00', '1059.00', NULL, 1, 'test.jpg', 0, 0, 1, 0, '2021-09-20', '2021-09-21', 6),
(121, '2021-09-20 10:22:36', '2021-09-20 10:22:36', NULL, 'ar_Laboriosam ea esse aspernatur vel.', 'en-Est minus enim ut quos.', 'en-In in vel eos laborum ut ratione.', 'ar-Deleniti assumenda saepe optio sed. Eaque minus repudiandae dignissimos qui sequi. Quam error molestiae eum necessitatibus iure eaque quia id. Rerum omnis deserunt dolore.', 'en-Voluptatem distinctio voluptas mollitia. Aspernatur repudiandae dolor et eligendi. Necessitatibus sunt voluptates odio tempore. Voluptate et cum id voluptate ipsa modi ea.', '922.00', '852.00', NULL, 1, 'test.jpg', 0, 0, 0, 1, '2021-09-20', '2021-09-21', 1),
(122, '2021-09-20 10:22:36', '2021-09-20 10:22:36', NULL, 'ar_Deserunt voluptatem quas nam et.', 'en-Et esse asperiores nam corporis.', 'en-Quod saepe odit sed molestiae.', 'ar-Nihil provident error ea illo sunt quia. Magni ut natus ducimus. Est dignissimos nihil odio ipsam occaecati. Consequatur rerum explicabo tenetur qui. Qui omnis amet quaerat quia.', 'en-Saepe quia dignissimos quis. Id non esse aut non veritatis nulla hic. Quasi maiores ea voluptas magni fugiat. Eligendi quam et fugiat nostrum praesentium repellendus enim aspernatur.', '953.00', '883.00', NULL, 0, 'test.jpg', 0, 1, 0, 0, '2021-09-20', '2021-09-21', 7),
(123, '2021-09-20 10:22:36', '2021-09-20 10:22:36', NULL, 'ar_Doloribus non minus sit.', 'en-Autem qui nisi ad quibusdam est.', 'en-Eum adipisci a nobis at maxime.', 'ar-Vel ut eos rem. Ut placeat at officiis voluptate itaque.', 'en-Sint ullam inventore quam facere nobis explicabo quaerat. Quisquam libero consequuntur accusamus nobis facilis. Voluptatem vel ut aut adipisci.', '978.00', '908.00', NULL, 1, 'test.jpg', 0, 0, 1, 1, '2021-09-20', '2021-09-20', 10),
(124, '2021-09-20 10:22:36', '2021-09-20 10:22:36', NULL, 'ar_Quo sequi ea nihil est optio.', 'en-Nostrum est hic dolor.', 'en-Autem aut animi quia.', 'ar-Fugit quis magnam aut qui. Sit optio aperiam officiis voluptatem soluta error. Est repellat eligendi voluptate libero sunt perspiciatis voluptate. Assumenda qui nesciunt iste. Aspernatur et quibusdam et qui illo rerum.', 'en-Odio cupiditate hic dicta ut quibusdam. Optio quia porro exercitationem repellendus asperiores delectus error. Voluptatem nisi repudiandae iusto. Odit nihil dolorem totam nam dolorem.', '1305.00', '1235.00', NULL, 0, 'test.jpg', 0, 1, 1, 0, '2021-09-20', '2021-09-20', 4),
(125, '2021-09-20 10:22:36', '2021-09-20 10:22:36', NULL, 'ar_Id ipsa autem qui ipsam ducimus.', 'en-Similique quibusdam eum dolorum.', 'en-Nobis eos sed fugiat voluptas.', 'ar-Quia eveniet exercitationem quae velit. Deserunt delectus ipsa a laboriosam aliquid velit. Voluptatum libero consequatur laborum qui laborum. Laborum perferendis explicabo dolor animi tenetur molestiae vero.', 'en-Ea autem cumque nesciunt doloremque veritatis ab deleniti. Et cum numquam tempore tempore ea. Ut et et quos sed et perferendis. Vitae eveniet hic ut dolor dolorum et.', '1114.00', '1044.00', NULL, 0, 'test.jpg', 0, 1, 1, 1, '2021-09-20', '2021-09-20', 4),
(126, '2021-09-20 10:22:36', '2021-09-20 10:22:36', NULL, 'ar_Aut iusto fugiat quis eveniet.', 'en-Repellat sint dolores ut omnis.', 'en-Vitae ea ipsum ratione enim enim.', 'ar-Velit ab adipisci et cupiditate quis. Autem et modi laborum dolorem cum. Ea rerum architecto quia quas voluptate autem ut. Quia maxime placeat et labore modi repudiandae odio.', 'en-Itaque impedit ut quaerat non odit. Qui sequi atque est eius. Quaerat dolorum voluptatum eaque delectus molestiae enim aut.', '525.00', '455.00', NULL, 0, 'test.jpg', 0, 0, 0, 1, '2021-09-20', '2021-09-20', 2),
(127, '2021-09-20 10:22:36', '2021-09-20 10:22:36', NULL, 'ar_Voluptatem harum enim sequi est.', 'en-Quidem ut et error officia error.', 'en-Eligendi vero esse harum culpa.', 'ar-Et et at odit. Sed magnam cum beatae dolores quia. Commodi cumque optio dolorem nihil consequatur qui eius.', 'en-Quis provident blanditiis doloribus vel voluptas ipsum dolores amet. Sunt aut quia at maiores similique quia et voluptate. Dolorum velit maxime sint iure consectetur.', '1221.00', '1151.00', NULL, 1, 'test.jpg', 0, 0, 1, 0, '2021-09-20', '2021-09-21', 6),
(128, '2021-09-20 10:22:36', '2021-09-20 10:22:36', NULL, 'ar_Aut ut earum minus aut architecto.', 'en-Et et recusandae et magnam.', 'en-Ex modi recusandae qui animi.', 'ar-Error deleniti voluptatem unde fugiat aliquam libero eligendi aspernatur. Dolorem ratione quasi eveniet. Repudiandae occaecati deleniti impedit inventore et.', 'en-Ab aut aut repudiandae vel. Sint modi et provident reiciendis illo accusamus. Ut cumque perspiciatis qui facere exercitationem. Quia tenetur facilis quia.', '1063.00', '993.00', NULL, 1, 'test.jpg', 0, 1, 0, 1, '2021-09-20', '2021-09-20', 12),
(129, '2021-09-20 10:22:36', '2021-09-20 10:22:36', NULL, 'ar_Aut tempora est explicabo omnis.', 'en-Animi iusto minus quo aut.', 'en-Veritatis dolore non maiores.', 'ar-Consequatur sit ullam sapiente deleniti. Qui beatae officia culpa velit. Rerum perferendis alias dolor veritatis exercitationem repellendus. Aut quidem aut animi et nesciunt dolor.', 'en-Adipisci non et enim debitis dicta ab. Quas minus sunt quaerat vel quis doloribus consequatur mollitia. Velit est ex non nihil vel quam dicta. Quia eligendi ut recusandae voluptate rerum dolorum consequuntur ab. Aut explicabo ut maxime.', '1485.00', '1415.00', NULL, 0, 'test.jpg', 0, 1, 1, 1, '2021-09-20', '2021-09-20', 1),
(130, '2021-09-20 10:22:36', '2021-09-20 10:22:36', NULL, 'ar_Enim commodi ab ut expedita.', 'en-Beatae dolor eos rerum velit.', 'en-Et qui quos sed.', 'ar-Quas impedit vel harum quia esse. Neque tempore qui ea ab modi. Harum magnam cumque suscipit hic et velit. Nam temporibus tempora repudiandae qui vero. Nesciunt nemo officiis asperiores et vel.', 'en-Iure sed aut perspiciatis quos sunt. Voluptas voluptate et laboriosam temporibus consequatur sunt recusandae quam. Vel assumenda fugit voluptatibus. Sint voluptas id consequatur qui saepe maxime ea. Nemo ut quam et a ratione.', '1484.00', '1414.00', NULL, 0, 'test.jpg', 0, 1, 1, 1, '2021-09-20', '2021-09-20', 7),
(131, '2021-09-20 10:22:37', '2021-09-20 10:22:37', NULL, 'ar_Repellendus vel qui rerum.', 'en-Nam harum eveniet tenetur iste.', 'en-Quo eos et maxime impedit totam.', 'ar-Amet ut assumenda dolorum natus aut dolorum. Qui molestiae dolores veniam perspiciatis aut nesciunt. Officia iusto vel id modi rerum. Unde perferendis impedit tempore quasi rerum. Iure harum aut et et cum odio. Voluptas sunt rem labore animi aut.', 'en-Voluptatem impedit excepturi quaerat. Consequatur optio ea voluptas neque et velit. Minus at occaecati quae ex qui qui esse. Delectus voluptas quis repudiandae eius.', '1353.00', '1283.00', NULL, 1, 'test.jpg', 0, 1, 1, 0, '2021-09-20', '2021-09-20', 15),
(132, '2021-09-20 10:22:37', '2021-09-20 10:22:37', NULL, 'ar_Aut eveniet sed sint omnis quasi.', 'en-Unde repellat consectetur vero.', 'en-Ut maiores eius quis ut.', 'ar-Minus beatae aut repellendus aperiam voluptatem. Repellendus aut reiciendis consequuntur quia assumenda pariatur.', 'en-Odio perferendis totam molestiae et incidunt voluptas. Expedita maiores facere minus reiciendis modi voluptatem.', '755.00', '685.00', NULL, 1, 'test.jpg', 0, 0, 0, 1, '2021-09-20', '2021-09-20', 9),
(133, '2021-09-20 10:22:37', '2021-09-20 10:22:37', NULL, 'ar_Ipsum velit rem molestias et.', 'en-Quia commodi quidem tenetur nemo.', 'en-Dolores ipsam sed qui dolor.', 'ar-Est sunt accusamus et non qui consectetur aut. Eius quasi repellat suscipit quia laboriosam sed. Sit doloribus necessitatibus ut dicta tenetur expedita quas ullam.', 'en-Sapiente iusto earum quasi laudantium omnis et atque et. Quo fugiat velit sint vel cupiditate excepturi asperiores officiis.', '1439.00', '1369.00', NULL, 1, 'test.jpg', 0, 0, 0, 1, '2021-09-20', '2021-09-20', 3),
(134, '2021-09-20 10:22:37', '2021-09-20 10:22:37', NULL, 'ar_Quo debitis aut quo veritatis.', 'en-Porro et qui illum.', 'en-Eos atque ut aut quis.', 'ar-Accusamus vero qui hic culpa dolor tenetur minus voluptatum. Et rem tenetur qui et. Odio qui consequatur voluptatum recusandae nihil nemo.', 'en-Facere quis nostrum soluta animi omnis unde enim. Distinctio et odio ut blanditiis enim nostrum. Iure ut debitis at tempore tempora et modi ut.', '1248.00', '1178.00', NULL, 0, 'test.jpg', 0, 1, 0, 0, '2021-09-20', '2021-09-21', 4),
(135, '2021-09-20 10:22:37', '2021-09-20 10:22:37', NULL, 'ar_Enim occaecati quo earum quo.', 'en-Quo quibusdam laboriosam et.', 'en-Velit dicta ipsa quibusdam qui.', 'ar-Velit dolorem eum rerum quas. Reprehenderit praesentium eligendi vel aut perspiciatis ea. Unde temporibus ut eum sed.', 'en-Illo impedit corporis aliquam voluptas laborum eum eius. Pariatur temporibus ea soluta doloremque maiores. Odit quo molestias quidem aut est et molestiae accusantium. Quod et accusamus qui minus autem quibusdam. Amet aut aut explicabo aut.', '576.00', '506.00', NULL, 1, 'test.jpg', 0, 1, 1, 1, '2021-09-20', '2021-09-20', 7),
(136, '2021-09-20 10:22:37', '2021-09-20 10:22:37', NULL, 'ar_Quia et rerum et autem.', 'en-Sed aliquam illum velit.', 'en-Accusantium ipsam aut voluptas.', 'ar-Ut sit et optio vel distinctio quia explicabo. Ea dolorem est labore doloribus distinctio. Magnam ut totam repudiandae corporis.', 'en-Dolorem eveniet nesciunt placeat consequatur accusantium quas. Necessitatibus ea est sint sequi.', '633.00', '563.00', NULL, 0, 'test.jpg', 0, 0, 0, 0, '2021-09-20', '2021-09-21', 4),
(137, '2021-09-20 10:22:37', '2021-09-20 10:22:37', NULL, 'ar_Cum autem quia facilis reiciendis.', 'en-Non consequatur et et eum esse.', 'en-Accusantium alias suscipit ut.', 'ar-Nihil est architecto illo velit consequatur sit aut. Hic qui corrupti debitis qui est ducimus porro numquam. Alias rerum velit aut.', 'en-Dolor maiores sed cum molestiae. Ducimus mollitia placeat illum nesciunt ipsam ut. Debitis itaque blanditiis inventore quis consequatur eaque sequi error. Enim qui fugit tempore nostrum laboriosam et distinctio.', '911.00', '841.00', NULL, 0, 'test.jpg', 0, 0, 0, 0, '2021-09-20', '2021-09-21', 7),
(138, '2021-09-20 10:22:37', '2021-09-20 10:22:37', NULL, 'ar_Nisi fugiat non consequatur.', 'en-Debitis qui fuga illum.', 'en-Rem vel totam dolorem itaque.', 'ar-Sed aliquam at voluptatibus iste ducimus id modi. Explicabo et laudantium ut cumque blanditiis ut aut. Quas pariatur in aut qui.', 'en-Qui autem voluptas sit quo qui. Quia libero odio deleniti et. Non consequatur nam nihil minus molestias minus. Quis mollitia quibusdam blanditiis. Sed corporis quo aut eos vel. Voluptatem nostrum ipsum quia incidunt quis. Sed aut aut in officia hic.', '1430.00', '1360.00', NULL, 0, 'test.jpg', 0, 0, 1, 1, '2021-09-20', '2021-09-20', 1),
(139, '2021-09-20 10:22:37', '2021-09-20 10:22:37', NULL, 'ar_Vero possimus exercitationem aut.', 'en-Et accusamus aspernatur a est.', 'en-Recusandae minus dolor qui quo.', 'ar-Ad atque aliquam ut magnam in et quibusdam. Asperiores natus qui quos nulla a eum maxime voluptate. Libero ad voluptas quaerat quam.', 'en-Est magni voluptas totam. Adipisci ea dicta eos natus eum voluptatem id unde. Culpa quia voluptatibus aut aperiam alias rerum. Repellat sint quidem sunt autem.', '929.00', '859.00', NULL, 0, 'test.jpg', 0, 1, 0, 1, '2021-09-20', '2021-09-20', 11),
(140, '2021-09-20 10:22:37', '2021-09-20 10:22:37', NULL, 'ar_Maiores est et est similique.', 'en-Adipisci deserunt inventore et et.', 'en-Fugiat ipsam enim cum.', 'ar-Omnis excepturi praesentium est doloribus. Sapiente culpa qui ut laboriosam aut officia. Est praesentium veniam consequatur facilis nihil.', 'en-Voluptas nostrum natus temporibus necessitatibus. Inventore quod aspernatur eum quis voluptatem corrupti. Quia enim sit animi nesciunt omnis amet.', '597.00', '527.00', NULL, 1, 'test.jpg', 0, 1, 1, 0, '2021-09-20', '2021-09-20', 11),
(141, '2021-09-20 10:22:37', '2021-09-20 10:22:37', NULL, 'ar_Et amet omnis quibusdam esse.', 'en-Qui eos neque sit voluptates.', 'en-Quas tempora debitis et.', 'ar-Nulla necessitatibus optio laudantium dicta cumque quos. Vero repellat non eos et consequatur. Aliquam maxime quis qui aut rerum aut. Cumque tempora est sit iusto.', 'en-Ut rerum id minus eum. Numquam aut aut in dolorum commodi sequi ducimus. Deserunt reprehenderit sit expedita. Ut quam veritatis ad perspiciatis minus aut porro.', '888.00', '818.00', NULL, 0, 'test.jpg', 0, 0, 0, 0, '2021-09-20', '2021-09-20', 5),
(142, '2021-09-20 10:22:37', '2021-09-20 10:22:37', NULL, 'ar_Corrupti ab non officia aut.', 'en-Rerum rerum aut aperiam.', 'en-Illo sapiente et nam rem.', 'ar-Rem nemo excepturi autem est. Nobis molestiae omnis debitis quae voluptas velit sit nihil. Quam porro placeat ipsam porro et. Deserunt earum ipsa voluptas cumque ea.', 'en-Est quo non eveniet minus blanditiis ducimus. Incidunt voluptas explicabo excepturi id repellendus consequuntur aut. Voluptatum totam ad tempore est iusto quo.', '1191.00', '1121.00', NULL, 1, 'test.jpg', 0, 1, 1, 1, '2021-09-20', '2021-09-20', 13),
(143, '2021-09-20 10:22:37', '2021-09-20 10:22:37', NULL, 'ar_Sunt quis explicabo qui ut.', 'en-Aut autem quia labore.', 'en-Molestiae quam ducimus aut.', 'ar-Nihil id dolorem veritatis esse molestiae. Voluptas error rem sed quis blanditiis dolor ipsum. Itaque nam veritatis unde ratione ut nesciunt voluptatum earum. Illo nisi molestiae est et ut.', 'en-Autem doloremque ea illum. Corrupti incidunt ut nobis iusto et delectus. Assumenda magnam quae ipsam temporibus quisquam. Nulla non at dolorem impedit ut ut.', '550.00', '480.00', NULL, 0, 'test.jpg', 0, 1, 1, 1, '2021-09-20', '2021-09-21', 3),
(144, '2021-09-20 10:22:37', '2021-09-20 10:22:37', NULL, 'ar_Quam labore ut sit totam quo et.', 'en-Dolorum odio ut aut ut eum nobis.', 'en-Aut iure exercitationem aut iste.', 'ar-Laudantium et ut rerum eius labore cum molestiae provident. Occaecati qui molestias itaque porro ipsa vel expedita eligendi. Dolor fugiat quos commodi pariatur sit ipsa beatae.', 'en-Et animi pariatur quia dolorem placeat quibusdam. Voluptatum rerum maxime qui quis quia.', '1027.00', '957.00', NULL, 0, 'test.jpg', 0, 1, 0, 1, '2021-09-20', '2021-09-21', 3),
(145, '2021-09-20 10:22:37', '2021-09-20 10:22:37', NULL, 'ar_Quae quos et necessitatibus est.', 'en-Quae eum sed suscipit ut odit.', 'en-Id dolorem quo non.', 'ar-Est placeat nihil iusto. Dolor et et et aut neque sit. Necessitatibus culpa eum ut magnam. Qui fugit magnam natus laboriosam delectus reprehenderit facere.', 'en-Qui reiciendis voluptas velit exercitationem velit. Occaecati maxime odio qui et.', '688.00', '618.00', NULL, 1, 'test.jpg', 0, 0, 1, 1, '2021-09-20', '2021-09-20', 15),
(146, '2021-09-20 10:22:37', '2021-09-20 10:22:37', NULL, 'ar_Vitae maiores quos culpa et aut.', 'en-Aut error dolores neque sit.', 'en-Molestiae et deserunt eaque.', 'ar-Molestiae sunt quia doloribus iste. Rerum magnam mollitia dolores beatae quia aut dolores. Vitae vitae modi dolorem sed. Consequatur id ut ex accusamus sunt deserunt velit.', 'en-Nulla animi est qui ducimus. Autem tempora et quod officiis reiciendis tempore pariatur vitae. Quia amet error totam amet beatae amet suscipit facere.', '1198.00', '1128.00', NULL, 0, 'test.jpg', 0, 1, 1, 0, '2021-09-20', '2021-09-20', 1),
(147, '2021-09-20 10:22:37', '2021-09-20 10:22:37', NULL, 'ar_Dolorum iure corrupti accusamus.', 'en-Voluptate eum est possimus.', 'en-Est minima voluptatibus ut.', 'ar-Et cupiditate officia error at temporibus et. Qui ullam totam non nihil aut et. Exercitationem voluptatem sunt harum expedita sit dolor ratione illum. In officia quia amet qui.', 'en-Voluptatem voluptas sed maiores quae. Dolore est laboriosam ullam natus rem. Labore provident deserunt fugiat incidunt quo nihil.', '1218.00', '1148.00', NULL, 1, 'test.jpg', 0, 1, 0, 0, '2021-09-20', '2021-09-20', 15),
(148, '2021-09-20 10:22:37', '2021-09-20 10:22:37', NULL, 'ar_Magni et at aut aut blanditiis.', 'en-Odio cupiditate nihil odio.', 'en-Quia sequi qui eos asperiores.', 'ar-Natus ut ad aut incidunt nihil sequi voluptas. Corrupti enim odit assumenda. Inventore ad non maxime cumque illum necessitatibus ducimus.', 'en-Repellat eum odio soluta maiores. Sed praesentium est earum. Laborum eum perspiciatis architecto dolorum qui sunt.', '811.00', '741.00', NULL, 1, 'test.jpg', 0, 1, 1, 0, '2021-09-20', '2021-09-21', 2),
(149, '2021-09-20 10:22:37', '2021-09-20 10:22:37', NULL, 'ar_Aliquam quia aperiam eum nisi ut.', 'en-Dolorem hic necessitatibus rem.', 'en-Fugiat et enim eaque tempora.', 'ar-Repudiandae ullam hic itaque. Delectus sapiente ratione aut quis magnam aut dicta. Magnam inventore nihil rerum enim.', 'en-Consequuntur quam quia incidunt quis. Ab enim aperiam ut ea soluta laudantium iste beatae. Eligendi et eligendi est ratione. Nobis quis soluta quia consequatur. Nihil accusantium nemo ut deleniti atque unde explicabo.', '1190.00', '1120.00', NULL, 0, 'test.jpg', 0, 1, 1, 1, '2021-09-20', '2021-09-21', 4),
(150, '2021-09-20 10:22:37', '2021-09-20 10:22:37', NULL, 'ar_Debitis quas sequi autem aut.', 'en-Non non aut magni quo eos.', 'en-Alias temporibus molestias nihil.', 'ar-Id dolor sint incidunt qui eos. Harum omnis nam blanditiis non harum adipisci autem non. Voluptates enim tempore impedit ut dolore vitae.', 'en-Et aperiam praesentium earum repellat rerum. Deserunt modi enim quo qui vel consequatur quas. Omnis sed in corporis pariatur et perferendis perspiciatis. Id quia aliquam magnam iste adipisci quia quibusdam.', '850.00', '780.00', NULL, 0, 'test.jpg', 0, 0, 1, 0, '2021-09-20', '2021-09-20', 9),
(151, '2021-09-20 10:22:38', '2021-09-20 10:22:38', NULL, 'ar_Sequi possimus nesciunt est rerum.', 'en-Tempora quae ab commodi quaerat.', 'en-Ut ut unde aliquam qui.', 'ar-Et quis neque omnis labore sed occaecati. Omnis fugiat a sint modi occaecati fuga. Et aliquam saepe iusto voluptas cum maxime sed. Tenetur expedita autem quis at ut.', 'en-Harum ut ea libero sed pariatur non dolore debitis. Deleniti fugiat et laboriosam deserunt et rem quidem. Qui illo velit et iure.', '734.00', '664.00', NULL, 1, 'test.jpg', 0, 1, 1, 1, '2021-09-20', '2021-09-21', 1),
(152, '2021-09-20 10:22:38', '2021-09-20 10:22:38', NULL, 'ar_Sapiente tenetur quo qui animi.', 'en-Iste quos totam amet molestiae.', 'en-Id dolores eos officiis similique.', 'ar-Perspiciatis minima quis deserunt aut voluptatem doloremque ipsum architecto. Porro optio praesentium sequi consequatur. Iusto sequi quidem a maxime.', 'en-Voluptas eum sunt velit consequatur sit perspiciatis. Dolorem omnis cum sit ut. Minus veniam quaerat qui incidunt consectetur ut. Culpa in magnam temporibus quidem dolorem excepturi debitis.', '618.00', '548.00', NULL, 0, 'test.jpg', 0, 0, 1, 1, '2021-09-20', '2021-09-21', 1),
(153, '2021-09-20 10:22:38', '2021-09-20 10:22:38', NULL, 'ar_Ipsum quaerat praesentium ut.', 'en-Amet sed ad sed aut voluptatem.', 'en-Temporibus est doloremque aut.', 'ar-Rerum mollitia beatae ea quos et aut. Qui laudantium modi consequatur amet temporibus eos. Quibusdam illum minus architecto. Natus eius autem optio ut. Perferendis sunt officiis autem quae quia laudantium.', 'en-Quis incidunt quod est vel quas. Molestiae laborum aut debitis velit nihil omnis facilis. Sit sed quia ab sequi et voluptatem magnam ut.', '1394.00', '1324.00', NULL, 0, 'test.jpg', 0, 0, 1, 0, '2021-09-20', '2021-09-20', 5),
(154, '2021-09-20 10:22:38', '2021-09-20 10:22:38', NULL, 'ar_Et qui sunt qui et omnis.', 'en-Molestiae amet dolore quo sed.', 'en-Qui illo ut vero aut.', 'ar-Cum inventore mollitia ex. Quasi est natus consequuntur error quia. Commodi sapiente repellat quibusdam est facere praesentium officia. Officiis necessitatibus qui et temporibus. Et recusandae rerum eum.', 'en-Suscipit laborum exercitationem architecto temporibus nam. Dolorem molestias libero minus iusto ipsum. Harum laboriosam reiciendis deleniti et exercitationem aliquam. Qui molestiae perferendis earum quae possimus et dolore.', '591.00', '521.00', NULL, 0, 'test.jpg', 0, 1, 1, 0, '2021-09-20', '2021-09-20', 14),
(155, '2021-09-20 10:22:38', '2021-09-20 10:22:38', NULL, 'ar_Velit fuga aut nesciunt porro eum.', 'en-Ipsum dolores et vel.', 'en-Non praesentium dicta expedita.', 'ar-Nesciunt excepturi et officia sit officiis doloribus ut. Illo et deleniti adipisci. Est est dolorem recusandae. Exercitationem ratione non provident provident quo. Omnis possimus sequi et molestias dolorum saepe qui. Ipsam est eaque at minus autem optio.', 'en-Dignissimos optio cupiditate dolor ratione voluptas nesciunt iusto. Iure ipsam maiores velit velit voluptas tempora. Ex eum ut corrupti ullam illum autem.', '810.00', '740.00', NULL, 1, 'test.jpg', 0, 0, 0, 1, '2021-09-20', '2021-09-21', 5),
(156, '2021-09-20 10:22:38', '2021-09-20 10:22:38', NULL, 'ar_Quia sit voluptas omnis assumenda.', 'en-Magni rerum perferendis et.', 'en-Omnis rem nostrum est explicabo.', 'ar-Repellendus blanditiis voluptatem nihil qui dolor et nihil. Rerum consequatur fugiat suscipit non et molestias natus et. Totam fugiat quia accusantium eius officiis laborum nostrum.', 'en-Repudiandae autem earum nihil dolorem. Vero ipsa quidem blanditiis recusandae vitae provident. Earum id sit nulla dolor reiciendis consequatur.', '1309.00', '1239.00', NULL, 1, 'test.jpg', 0, 1, 0, 1, '2021-09-20', '2021-09-20', 6),
(157, '2021-09-20 10:22:38', '2021-09-20 10:22:38', NULL, 'ar_Qui assumenda harum perferendis.', 'en-Aut quo iure eum earum rem rem.', 'en-Qui sed voluptates sapiente eos.', 'ar-Nulla autem quia vel. Doloribus quasi ducimus laborum est non officiis. Recusandae voluptas eaque quae vitae debitis qui molestias. Eius perferendis voluptatem quae suscipit sint enim. Odio omnis modi ullam omnis sint facilis qui.', 'en-Ipsa distinctio voluptatum minus iste et et. Dolores sint et repudiandae esse earum doloremque nulla modi.', '448.00', '378.00', NULL, 0, 'test.jpg', 0, 0, 1, 0, '2021-09-20', '2021-09-21', 0),
(158, '2021-09-20 10:22:38', '2021-09-20 10:22:38', NULL, 'ar_Et voluptatem reiciendis ipsum.', 'en-Quis iure animi quis qui non.', 'en-Et esse quod dolorem ea et.', 'ar-Consequatur qui eum qui earum non sed. Doloremque recusandae qui esse nihil. Aut sed voluptatibus dolorem repellendus odio et. Quis aliquid eius quod. Quidem amet repellat id mollitia explicabo excepturi vitae.', 'en-Aut quibusdam culpa vitae porro. Dolor nobis aperiam eveniet commodi est error est. Repudiandae cumque nisi est sunt accusantium. Amet aut iste vero.', '540.00', '470.00', NULL, 0, 'test.jpg', 0, 1, 0, 1, '2021-09-20', '2021-09-21', 4),
(159, '2021-09-20 10:22:38', '2021-09-20 10:22:38', NULL, 'ar_Fugit porro et autem ipsum labore.', 'en-Aut id nobis omnis.', 'en-Sit laborum harum unde.', 'ar-Eveniet autem nostrum est similique dicta enim. Voluptas facere unde sed voluptatum ex. Sint maiores quisquam itaque odit eius tempore.', 'en-Pariatur totam porro velit sed. Maxime est doloremque distinctio dolores et reiciendis autem ab. Non beatae reprehenderit deleniti aut quia officia.', '769.00', '699.00', NULL, 0, 'test.jpg', 0, 1, 0, 0, '2021-09-20', '2021-09-20', 8),
(160, '2021-09-20 10:22:38', '2021-09-20 10:22:38', NULL, 'ar_Architecto inventore nulla et.', 'en-In error sunt omnis rerum est.', 'en-Ut maxime cum amet et.', 'ar-Nihil velit neque in nihil. Ut aut vero repellat nemo quidem. Quidem omnis velit eum. Qui dolor et ut quaerat est qui tempora quaerat. Incidunt et eius sunt aut. Sint enim quas libero ut est nisi nisi expedita.', 'en-Molestias qui voluptates quidem odit sunt voluptas harum. Iusto eos corrupti animi amet veniam. Ut sit illo ad recusandae eos ipsa nemo quo. Corporis eligendi facere quod ut in quae.', '1310.00', '1240.00', NULL, 0, 'test.jpg', 0, 0, 0, 0, '2021-09-20', '2021-09-20', 13),
(161, '2021-09-20 10:22:38', '2021-09-20 10:22:38', NULL, 'ar_Eum molestiae quia officiis.', 'en-Architecto quo eveniet impedit.', 'en-Delectus impedit odit quis.', 'ar-Ex fugit aliquam ut eum facilis odio velit provident. Inventore a sed perferendis aliquam. Doloribus animi quo magni ut deleniti eligendi. Ut ut voluptatem occaecati autem tenetur consequuntur cumque.', 'en-Doloremque nostrum non aspernatur tempore atque dolores. Rerum eius ut dignissimos totam aut minima. Dolorem sed illum vel illo. Nihil minima in veritatis tempora dolores ipsa.', '429.00', '359.00', NULL, 1, 'test.jpg', 0, 0, 1, 0, '2021-09-20', '2021-09-20', 9),
(162, '2021-09-20 10:22:38', '2021-09-20 10:22:38', NULL, 'ar_Labore quia nemo voluptatem.', 'en-Et quod odio maxime ut quia nihil.', 'en-Omnis quibusdam dolor est rem.', 'ar-Nostrum qui et non sequi est veritatis quis delectus. Voluptatem repudiandae esse qui vel expedita quo. Nostrum voluptatem asperiores nisi distinctio.', 'en-Reprehenderit sit est id aut illum est rerum eum. Officiis sed error nisi doloremque. Facere eos molestiae dolorum tenetur.', '1001.00', '931.00', NULL, 0, 'test.jpg', 0, 1, 1, 1, '2021-09-20', '2021-09-21', 9),
(163, '2021-09-20 10:22:38', '2021-09-20 10:22:38', NULL, 'ar_Modi ut sint soluta dolore.', 'en-Facilis nihil et non autem.', 'en-Vel molestias et sunt non.', 'ar-Totam provident quidem perferendis recusandae. Veritatis nemo nobis earum aut reprehenderit maxime aut. Et et aut placeat ab. Eaque tenetur eveniet sed velit tempora perferendis. Nihil doloribus laborum quod et.', 'en-Sunt vitae consequatur est iure libero debitis ut. Consequatur dolor eligendi et praesentium sint minima sint. Tempore tempore est rerum ut corrupti qui. Ut provident voluptatem molestiae sequi facere autem quam nesciunt.', '1150.00', '1080.00', NULL, 1, 'test.jpg', 0, 0, 0, 0, '2021-09-20', '2021-09-21', 10);
INSERT INTO `products` (`id`, `created_at`, `updated_at`, `deleted_at`, `name_ar`, `name_en`, `slug`, `description_ar`, `description_en`, `regular_price`, `sale_price`, `discount_percentage`, `in_sale`, `img`, `sort`, `is_recommended`, `is_best`, `has_options`, `start_sale`, `end_sale`, `quantity`) VALUES
(164, '2021-09-20 10:22:38', '2021-09-20 10:22:38', NULL, 'ar_Aut ex quos consequatur cum.', 'en-Et vitae amet quae dolor.', 'en-Qui ut itaque est illo.', 'ar-Dolores aut quia libero velit. Fuga iure laboriosam laudantium ducimus delectus autem excepturi. Et dolor praesentium earum deserunt. Voluptatem ea veritatis est molestiae ratione aut eligendi. Dolorum qui accusamus dolores repellendus dolores.', 'en-Iste officiis aliquid excepturi quibusdam nulla. Delectus et laudantium ratione architecto. Ut non eos vero tenetur dolorum natus id. Perferendis voluptate soluta inventore veniam qui iure nisi. Omnis autem vero corporis repellendus explicabo.', '698.00', '628.00', NULL, 1, 'test.jpg', 0, 0, 1, 1, '2021-09-20', '2021-09-20', 1),
(165, '2021-09-20 10:22:38', '2021-09-20 10:22:38', NULL, 'ar_Ipsa cumque ipsam dolorem atque.', 'en-Vel sint sint et aut.', 'en-Ut odit est quo eum eos.', 'ar-Qui deleniti est modi dolorem. Qui non et similique cumque. Atque similique placeat velit velit iste. Et libero doloribus vero ut consequuntur mollitia aut.', 'en-Dolores voluptas vel minus ut non impedit. Veniam cum excepturi omnis accusamus est quis. Accusamus excepturi nesciunt eaque facere odit est. Et laboriosam asperiores omnis maxime qui dolorum ut. Quis eveniet saepe dignissimos non eum voluptas.', '1327.00', '1257.00', NULL, 1, 'test.jpg', 0, 1, 0, 0, '2021-09-20', '2021-09-20', 9),
(166, '2021-09-20 10:22:39', '2021-09-20 10:22:39', NULL, 'ar_Eveniet illo quia ea.', 'en-Aut facilis commodi ea dolorem.', 'en-Vel quo eos eaque.', 'ar-Beatae earum officiis odio voluptates quisquam. Aliquid deserunt consequatur facere id. Eius similique ea consequuntur nemo consequatur. Ea quidem ab aut et delectus excepturi odit.', 'en-Sed consequuntur nobis quia quia qui. Nemo ullam occaecati aliquam. Doloremque ex sed molestias iste voluptates. Aspernatur necessitatibus dolorem voluptas officia voluptatibus.', '424.00', '354.00', NULL, 1, 'test.jpg', 0, 0, 1, 1, '2021-09-20', '2021-09-21', 3),
(167, '2021-09-20 10:22:39', '2021-09-20 10:22:39', NULL, 'ar_Et qui dignissimos eveniet.', 'en-Dolorum ipsa quod rerum.', 'en-Sed esse hic quasi est.', 'ar-Nisi odio unde dignissimos voluptatem fugiat modi. Quos laborum quas debitis magni pariatur et distinctio animi. Necessitatibus sapiente sit vel sunt. Vitae ut eos possimus ut incidunt quia qui.', 'en-Velit ut alias et rem est facere quia. Facere praesentium ex sit architecto omnis dolorem. Praesentium maxime dolorem est quod labore hic. Necessitatibus totam enim eos eos enim ipsam sint. Est deleniti sint laborum doloribus amet dicta.', '849.00', '779.00', NULL, 1, 'test.jpg', 0, 1, 0, 1, '2021-09-20', '2021-09-21', 6),
(168, '2021-09-20 10:22:39', '2021-09-20 10:22:39', NULL, 'ar_Rerum animi et est.', 'en-Quia culpa et quis non.', 'en-Repellendus illum quas ut.', 'ar-Necessitatibus velit cum et fuga earum voluptas quam. Debitis omnis vel autem tenetur. Quos voluptatibus reprehenderit est autem reiciendis doloremque. At quia voluptas corrupti non dignissimos expedita.', 'en-Repudiandae voluptatem aut reprehenderit quia id sed perferendis. Aliquam sit assumenda aspernatur odit vero molestiae. Error autem voluptas nulla ea a nulla et.', '853.00', '783.00', NULL, 1, 'test.jpg', 0, 1, 1, 0, '2021-09-20', '2021-09-20', 11),
(169, '2021-09-20 10:22:39', '2021-09-20 10:22:39', NULL, 'ar_Ut non non blanditiis expedita.', 'en-Totam unde corporis animi.', 'en-Illum nisi et vero sed ea.', 'ar-Ducimus quia odio consectetur perferendis modi. Esse cupiditate enim illum enim voluptatem sapiente.', 'en-Dignissimos rem blanditiis odit. Aut hic aut dolorem ex provident quis. Nulla laboriosam nisi magni aut.', '854.00', '784.00', NULL, 0, 'test.jpg', 0, 0, 1, 1, '2021-09-20', '2021-09-21', 4),
(170, '2021-09-20 10:22:39', '2021-09-20 10:22:39', NULL, 'ar_Aperiam aspernatur est assumenda.', 'en-Fugit in minima sunt quo.', 'en-Rem molestias vel molestiae.', 'ar-Occaecati et saepe deserunt est voluptatem atque. Voluptas explicabo quidem cumque voluptate doloribus quis dolore. Quidem expedita sed sapiente eligendi eligendi magni harum culpa. Laudantium et error voluptas beatae ratione placeat nihil.', 'en-Aut consequatur quaerat nobis molestiae. Beatae similique dolorum rerum rerum. Nulla autem dolores quas iure.', '776.00', '706.00', NULL, 1, 'test.jpg', 0, 0, 1, 0, '2021-09-20', '2021-09-20', 14),
(171, '2021-09-20 10:22:39', '2021-09-20 10:22:39', NULL, 'ar_Id quidem ut est ut.', 'en-Quo est repellat est at rerum.', 'en-Ut dolor deleniti est fugit.', 'ar-In quas distinctio error similique unde. Non rem porro eligendi eveniet sit id rem pariatur. Sequi quis hic vel et voluptas. Deserunt vitae facere consequuntur ut voluptatem aperiam totam earum. Eos aspernatur laboriosam qui molestias est.', 'en-Tempora sit non in minima est. Est dolore magni possimus atque. Libero tempore cum molestiae iusto.', '777.00', '707.00', NULL, 1, 'test.jpg', 0, 1, 1, 0, '2021-09-20', '2021-09-21', 13),
(172, '2021-09-20 10:22:39', '2021-09-20 10:22:39', NULL, 'ar_Ut harum a ut pariatur veniam.', 'en-Tempora distinctio at delectus.', 'en-Ipsum quo deserunt nemo id.', 'ar-Voluptatum ex eum atque porro non. Accusantium corrupti neque saepe enim est adipisci unde. Dolor aliquam quia voluptates. Consequuntur voluptatum et rem vero molestiae rem quisquam.', 'en-Aut recusandae mollitia sint numquam. Non aliquid quis ut excepturi est. Earum excepturi omnis eveniet maiores sunt blanditiis et quos.', '1210.00', '1140.00', NULL, 0, 'test.jpg', 0, 1, 1, 1, '2021-09-20', '2021-09-20', 9),
(173, '2021-09-20 10:22:39', '2021-09-20 10:22:39', NULL, 'ar_Voluptas voluptas similique rem.', 'en-Et omnis non ex neque.', 'en-Et eaque eaque in.', 'ar-Iste aut hic omnis. Cumque quia quis animi quis aliquam at laboriosam. Et perferendis illum in aspernatur ut corrupti commodi.', 'en-Eos aut itaque quam sed tempore sapiente minus omnis. Aut dicta consequatur repellat aut accusantium perspiciatis ut illum. Illo ipsam impedit doloremque cupiditate error facilis. Voluptate inventore sit exercitationem dolorem non.', '1347.00', '1277.00', NULL, 0, 'test.jpg', 0, 0, 1, 1, '2021-09-20', '2021-09-21', 11),
(174, '2021-09-20 10:22:39', '2021-09-20 10:22:39', NULL, 'ar_Qui voluptas ab et id id qui qui.', 'en-Et in et quo eos recusandae velit.', 'en-Harum quas occaecati commodi.', 'ar-Saepe nam illum aperiam cupiditate fuga quae. Corporis tenetur laboriosam quae porro sit quas ut. Id autem cum et.', 'en-Inventore ad aut at enim temporibus eligendi vero. Ipsum corrupti rem sint esse. Numquam quia veniam officia et placeat. Alias suscipit voluptas eaque ut ipsam magni ratione. Velit veniam id eaque cupiditate quo voluptatem.', '700.00', '630.00', NULL, 0, 'test.jpg', 0, 0, 0, 1, '2021-09-20', '2021-09-21', 13),
(175, '2021-09-20 10:22:39', '2021-09-20 10:22:39', NULL, 'ar_Ipsum corrupti fugiat omnis nihil.', 'en-Ab iste unde quia eum dolore et.', 'en-Ipsa in qui aliquid.', 'ar-Numquam odio iste sequi commodi cum itaque. Aut optio libero deserunt tempora cum. Qui est officia saepe eos fugit. Sed consequuntur dolor velit earum cupiditate veniam non.', 'en-Aut qui accusamus fuga facilis minus possimus voluptatem. Asperiores ut illum eos eveniet totam possimus quis corporis. Dolorem non facere aut consequatur. Officia voluptates nostrum et.', '974.00', '904.00', NULL, 1, 'test.jpg', 0, 0, 0, 1, '2021-09-20', '2021-09-20', 15),
(176, '2021-09-20 10:22:39', '2021-09-20 10:22:39', NULL, 'ar_Eveniet est laudantium dicta ea.', 'en-Quia fugit fuga facilis quod.', 'en-Quod ipsam ut eos.', 'ar-In saepe quod dolores ratione quae. Molestias eos id omnis earum reiciendis hic dolor. Ea natus enim eligendi maiores tempore consequatur. Quia recusandae et dolores eligendi.', 'en-Vero nobis et facere. Ea adipisci dolorem deleniti ullam. Quia quos culpa occaecati possimus nisi. Quis sit quis natus error omnis porro accusantium.', '647.00', '577.00', NULL, 0, 'test.jpg', 0, 0, 0, 1, '2021-09-20', '2021-09-20', 12),
(177, '2021-09-20 10:22:39', '2021-09-20 10:22:39', NULL, 'ar_Temporibus ad libero fugit.', 'en-Illo quo assumenda ad distinctio.', 'en-Recusandae et qui et iure quo est.', 'ar-Sint voluptatibus sit quas iure aut. Alias laborum blanditiis consequatur sint expedita. Aut quo quos rerum iste voluptas est distinctio. Doloribus voluptatem qui et autem ut provident.', 'en-Praesentium illo aliquid cupiditate ut voluptatem. Rem vero odio enim hic. Ex temporibus aut non laboriosam. Unde facilis expedita unde ea velit labore temporibus.', '862.00', '792.00', NULL, 0, 'test.jpg', 0, 1, 0, 1, '2021-09-20', '2021-09-20', 2),
(178, '2021-09-20 10:22:39', '2021-09-20 10:22:39', NULL, 'ar_Maiores est rerum odit quos.', 'en-Eius dolorem officia quibusdam.', 'en-Vel qui facilis fuga id occaecati.', 'ar-Hic ea odit beatae sunt. Dolor iste cupiditate consectetur sit qui deleniti veritatis et. Qui debitis nemo velit et voluptatibus.', 'en-Rerum quidem eveniet fuga accusamus error ab error facilis. Harum velit qui omnis tempore earum. Debitis et et voluptatibus voluptate. Aliquid quos quia enim qui alias et unde.', '517.00', '447.00', NULL, 0, 'test.jpg', 0, 1, 1, 1, '2021-09-20', '2021-09-20', 11),
(179, '2021-09-20 10:22:39', '2021-09-20 10:22:39', NULL, 'ar_Eos officia ab assumenda aut.', 'en-Sed tempore autem vero aut.', 'en-Et id eos possimus.', 'ar-Cumque iure tempora quas cumque. Voluptatibus omnis quae officiis suscipit necessitatibus blanditiis cum dolores. Exercitationem repellat aliquam esse commodi asperiores laborum.', 'en-Repellendus dolorem autem exercitationem. Veniam perferendis totam temporibus aut accusamus voluptates.', '1429.00', '1359.00', NULL, 1, 'test.jpg', 0, 1, 1, 0, '2021-09-20', '2021-09-21', 11),
(180, '2021-09-20 10:22:39', '2021-09-20 10:22:39', NULL, 'ar_Amet sed sit laborum quibusdam.', 'en-Ipsa inventore quia consequatur.', 'en-Laboriosam impedit omnis error et.', 'ar-Tenetur perspiciatis eaque modi eaque. Repudiandae nobis dignissimos commodi dolore ea. Qui et suscipit et maiores laudantium excepturi. Rerum non voluptatibus nihil error porro.', 'en-Quasi quia voluptas autem unde suscipit distinctio. Assumenda aut unde aut. Sunt quisquam porro amet reprehenderit.', '1253.00', '1183.00', NULL, 1, 'test.jpg', 0, 1, 1, 0, '2021-09-20', '2021-09-21', 13),
(181, '2021-09-20 10:22:39', '2021-09-20 10:22:39', NULL, 'ar_Omnis debitis voluptates voluptas.', 'en-Est qui qui sed est nobis neque.', 'en-Omnis quia nostrum laudantium.', 'ar-Magnam et nisi quisquam cumque quos quos explicabo. Eius qui cum maxime. Ut sit dolores soluta. A molestiae quasi ad. Harum inventore aut consequuntur dolor.', 'en-Laudantium laboriosam expedita beatae quam doloribus aliquid voluptatem. Nemo velit nihil voluptatibus hic est. Est ullam et minus dolores aspernatur quia ut.', '730.00', '660.00', NULL, 0, 'test.jpg', 0, 1, 1, 0, '2021-09-20', '2021-09-21', 0),
(182, '2021-09-20 10:22:40', '2021-09-20 10:22:40', NULL, 'ar_Et vero reiciendis qui ratione.', 'en-Eius earum magnam sed odio.', 'en-Et consequatur sequi fugiat animi.', 'ar-Ut nihil dicta error ratione dolore. Laboriosam sapiente modi nemo exercitationem. Vel voluptatem nisi culpa et sint eos.', 'en-Culpa velit veritatis tenetur quidem. Exercitationem ut accusamus eum quia quo molestias. Hic ducimus quia ipsam fugit praesentium harum. Sapiente aliquid voluptas iusto praesentium consequatur et.', '1039.00', '969.00', NULL, 0, 'test.jpg', 0, 0, 0, 1, '2021-09-20', '2021-09-20', 8),
(183, '2021-09-20 10:22:40', '2021-09-20 10:22:40', NULL, 'ar_Itaque quia ipsa ut id.', 'en-Debitis aut dolorum beatae.', 'en-Quia excepturi quia aut itaque.', 'ar-Nemo laudantium dolores eius. Quo numquam ipsa aliquid corporis qui officiis voluptatum. Doloremque beatae quo doloremque labore sed in aut.', 'en-Sit ad asperiores quidem sed fugit. Rerum enim sed repellat labore illo minima et. Eos eos incidunt sit. Perferendis in ut unde mollitia sunt nihil.', '1319.00', '1249.00', NULL, 1, 'test.jpg', 0, 0, 0, 1, '2021-09-20', '2021-09-20', 12),
(184, '2021-09-20 10:22:40', '2021-09-20 10:22:40', NULL, 'ar_Numquam eaque vitae quod sed.', 'en-Vel quia iste magnam ipsam.', 'en-Eius sit earum est in aut.', 'ar-Expedita voluptatem occaecati consequuntur veritatis. Neque qui ullam quam ad. Tempora cum possimus delectus sit sed. Aut nemo aut consectetur qui delectus sed.', 'en-Sint natus et voluptas odio nostrum sed. Est tenetur dignissimos non eos quisquam et. Voluptas error aut itaque rem ipsam neque velit quasi. Iure quibusdam est nisi et.', '476.00', '406.00', NULL, 0, 'test.jpg', 0, 1, 0, 1, '2021-09-20', '2021-09-20', 4),
(185, '2021-09-20 10:22:40', '2021-09-20 10:22:40', NULL, 'ar_Facilis fuga non illum ea.', 'en-Deserunt est eum amet similique.', 'en-Rerum delectus porro ut qui.', 'ar-Sapiente laudantium amet fuga quia inventore illum. Cupiditate et impedit quia ad sequi. Quod illum quia ullam et possimus harum facilis. Et necessitatibus explicabo illum est natus. Rerum repellat dolorum fuga porro impedit voluptatum.', 'en-Debitis aspernatur aliquam consequuntur perferendis ut ut. Eos totam est libero quos voluptatem fuga. Omnis id provident quia mollitia nam. Aut nisi ea qui impedit aut temporibus autem.', '738.00', '668.00', NULL, 0, 'test.jpg', 0, 0, 0, 0, '2021-09-20', '2021-09-20', 12),
(186, '2021-09-20 10:22:40', '2021-09-20 10:22:40', NULL, 'ar_Suscipit officiis sequi est.', 'en-Est velit animi eveniet vel.', 'en-Quo officia iusto ut aut possimus.', 'ar-Illum praesentium nesciunt vitae adipisci. Odio assumenda nemo quas tenetur sequi fuga ex maiores. Maxime adipisci commodi expedita dolorem quos nam quaerat.', 'en-Impedit aliquam officia omnis omnis est suscipit explicabo. Eos omnis totam veniam sed accusantium. Eligendi est excepturi fugiat ipsa et dolores sunt.', '432.00', '362.00', NULL, 1, 'test.jpg', 0, 0, 1, 0, '2021-09-20', '2021-09-20', 9),
(187, '2021-09-20 10:22:40', '2021-09-20 10:22:40', NULL, 'ar_Quos sit ducimus vitae sit.', 'en-Unde dignissimos quis omnis porro.', 'en-Quos alias delectus illo quia.', 'ar-Qui temporibus sunt eum. Tempore expedita aut laboriosam voluptas deleniti. Et vel libero incidunt vel consequuntur ab reprehenderit. Omnis est voluptatibus at aut.', 'en-Quis assumenda qui dolorum. Voluptatem qui iste explicabo suscipit aut quisquam eligendi quod. Iste deleniti rerum reprehenderit reiciendis labore non voluptas aspernatur.', '477.00', '407.00', NULL, 0, 'test.jpg', 0, 1, 1, 1, '2021-09-20', '2021-09-20', 8),
(188, '2021-09-20 10:22:40', '2021-09-20 10:22:40', NULL, 'ar_Ut et est architecto eligendi.', 'en-Magnam perferendis qui libero.', 'en-Vel placeat nemo nobis commodi.', 'ar-Et qui pariatur quis excepturi. Consequatur similique in consequatur exercitationem ut dolorem qui. Labore id eaque aut veritatis odit eos. Et veniam vel qui.', 'en-Id in est quas harum nostrum iste repudiandae. Similique et quam aut enim iusto sed aliquam. Cupiditate quo incidunt repellendus ipsa debitis.', '458.00', '388.00', NULL, 1, 'test.jpg', 0, 1, 0, 1, '2021-09-20', '2021-09-20', 4),
(189, '2021-09-20 10:22:40', '2021-09-20 10:22:40', NULL, 'ar_Illum harum harum itaque a eum.', 'en-Est architecto est porro minus.', 'en-Sint nihil pariatur expedita.', 'ar-Voluptates expedita quia quis perferendis qui. Possimus ipsa ratione atque magnam doloremque. Ut quasi reiciendis numquam quisquam assumenda nesciunt. Debitis iste voluptas eaque qui dolorem suscipit quia culpa.', 'en-Unde ipsum animi iure autem iure aut qui. Ipsa non eum cumque sunt dolor ut. Eum corporis animi ut sed consequatur labore a. Nemo harum unde qui in atque. Est qui non sint aut nostrum. Saepe modi nulla iusto sunt pariatur vel tenetur nihil.', '1413.00', '1343.00', NULL, 1, 'test.jpg', 0, 0, 1, 1, '2021-09-20', '2021-09-20', 14),
(190, '2021-09-20 10:22:40', '2021-09-20 10:22:40', NULL, 'ar_Aut a dolores ut qui consectetur.', 'en-Non et quas enim illo rem rerum.', 'en-Sed suscipit iste tenetur sed.', 'ar-Culpa molestias repellat nihil cumque consequatur nostrum beatae. Mollitia ut eligendi eveniet dolor vero. Qui ex ut aut et qui necessitatibus. Eos veniam voluptas iste impedit.', 'en-Id accusamus corporis maxime est placeat quaerat ducimus. Modi in facere expedita recusandae perspiciatis error. Ab quaerat mollitia magnam nesciunt quis sed quis. Repellat quo quia est ut.', '1471.00', '1401.00', NULL, 1, 'test.jpg', 0, 0, 0, 0, '2021-09-20', '2021-09-21', 13),
(191, '2021-09-20 10:22:40', '2021-09-20 10:22:40', NULL, 'ar_Commodi ullam ipsum et et.', 'en-Facere repudiandae ad praesentium.', 'en-Blanditiis eos similique qui est.', 'ar-Aut harum quisquam nisi doloremque et. Sit consequatur et beatae reprehenderit adipisci sed occaecati. Blanditiis quo quia sit magnam aut illum necessitatibus autem. Aperiam quam ad reiciendis.', 'en-Non sit libero dolores alias in. Omnis voluptatem quam voluptate. Ipsam non laborum quos ratione quod sed rerum.', '1103.00', '1033.00', NULL, 1, 'test.jpg', 0, 1, 1, 0, '2021-09-20', '2021-09-20', 2),
(192, '2021-09-20 10:22:40', '2021-09-20 10:22:40', NULL, 'ar_Ipsam ab maxime quas.', 'en-Sunt cumque dolorem beatae autem.', 'en-Et sapiente pariatur vitae illum.', 'ar-Qui ex necessitatibus ut. Voluptatem et eaque ut nulla est. Dolore est facere tempora et dignissimos. Repellat ab natus iste qui nihil ipsam.', 'en-Repellat quasi deserunt est consequuntur enim eaque magnam ut. Eos voluptatem quia eius cupiditate.', '832.00', '762.00', NULL, 0, 'test.jpg', 0, 1, 1, 1, '2021-09-20', '2021-09-20', 11),
(193, '2021-09-20 10:22:41', '2021-09-20 10:22:41', NULL, 'ar_Molestias dicta illo non tenetur.', 'en-Libero ipsum ad qui commodi et.', 'en-Aut aliquid et consequatur eaque.', 'ar-Nemo velit labore eum aliquam. Eos provident modi amet explicabo aliquam nihil repudiandae. Commodi officia nulla recusandae dolore et. Amet voluptatem natus impedit doloribus magnam debitis quis. Saepe possimus est quae nulla et eos aspernatur.', 'en-Quia ea iusto qui consequatur ad earum odit. In quo sed sapiente autem. Ullam non placeat ad. Distinctio ut consectetur voluptatum non omnis.', '713.00', '643.00', NULL, 0, 'test.jpg', 0, 0, 0, 0, '2021-09-20', '2021-09-21', 6),
(194, '2021-09-20 10:22:41', '2021-09-20 10:22:41', NULL, 'ar_Inventore alias aut occaecati.', 'en-Aut quod reiciendis non fugiat.', 'en-Qui ex facilis ipsa in quia.', 'ar-Odit tempora dolores laboriosam et. Dolor qui quisquam quas ab corrupti voluptatem. Autem placeat earum aut est et.', 'en-Sed eveniet recusandae repellat deserunt laborum qui aliquam. Architecto quia nihil deserunt. Aut dicta et dicta. Nisi aut vel expedita dolores quia dolorum. Eveniet necessitatibus facere qui repellendus et perspiciatis omnis.', '601.00', '531.00', NULL, 1, 'test.jpg', 0, 1, 0, 0, '2021-09-20', '2021-09-20', 4),
(195, '2021-09-20 10:22:41', '2021-09-20 10:22:41', NULL, 'ar_In dolorem sint quis adipisci.', 'en-A tempore sit eius nam.', 'en-Tempore quo harum quas quia.', 'ar-Aliquam ipsa incidunt adipisci praesentium. Ex aperiam ratione atque et. Aliquam alias sit ducimus iure numquam. Sit quis blanditiis ipsa dolorem laborum incidunt excepturi. Consequatur cumque deleniti nemo totam. Nihil debitis ipsum quia nisi non ea.', 'en-Dignissimos qui veritatis reiciendis dolor adipisci qui. Dolorum ea voluptatem reprehenderit doloribus voluptas. Doloribus voluptatem possimus dolorem modi ut voluptatibus velit. Delectus accusamus dicta quod reiciendis explicabo ea.', '640.00', '570.00', NULL, 0, 'test.jpg', 0, 1, 1, 1, '2021-09-20', '2021-09-20', 12),
(196, '2021-09-20 10:22:41', '2021-09-20 10:22:41', NULL, 'ar_Aliquam sint aut et inventore.', 'en-Ea quia velit et esse.', 'en-Voluptatem et saepe sed nihil.', 'ar-Corrupti nesciunt id error doloremque quae. Quas voluptas odit aliquam rerum harum nisi eum. Et dignissimos fugit aut eveniet. Est tempore ut facere. Nam soluta doloribus dolor assumenda perferendis sequi blanditiis.', 'en-Animi et et voluptate incidunt iure alias quidem voluptas. Vel repellendus porro repellat sunt repellat. Ipsa sapiente esse cum inventore occaecati. Magnam suscipit vitae aut tenetur consequatur.', '718.00', '648.00', NULL, 1, 'test.jpg', 0, 1, 0, 0, '2021-09-20', '2021-09-20', 14),
(197, '2021-09-20 10:22:41', '2021-09-20 10:22:41', NULL, 'ar_Et sunt saepe ratione asperiores.', 'en-Quo voluptatum est vero aut.', 'en-Non rem consequatur numquam.', 'ar-Repellat nobis asperiores qui excepturi deserunt. Aut delectus enim non. Eos consectetur enim provident et unde sequi officiis molestiae.', 'en-Optio esse omnis maxime. Et sunt optio error.', '519.00', '449.00', NULL, 1, 'test.jpg', 0, 1, 1, 1, '2021-09-20', '2021-09-20', 15),
(198, '2021-09-20 10:22:41', '2021-09-20 10:22:41', NULL, 'ar_Molestiae quod repellendus atque.', 'en-Temporibus vel et aut.', 'en-Fuga sed a et culpa repellat aut.', 'ar-Omnis officiis animi ab reiciendis sequi molestias quisquam. Autem sit quae voluptatem fugiat quia voluptatem. Laudantium eaque quia amet enim atque vel molestiae. Rerum nisi ut dicta.', 'en-Sint sed aliquid saepe aut et perspiciatis est. Et sint incidunt ut occaecati culpa quia et. Earum alias blanditiis consectetur totam numquam earum.', '1018.00', '948.00', NULL, 1, 'test.jpg', 0, 1, 1, 1, '2021-09-20', '2021-09-21', 1),
(199, '2021-09-20 10:22:41', '2021-09-20 10:22:41', NULL, 'ar_Et culpa autem rerum ut ipsum.', 'en-Rerum ipsa et quia.', 'en-Fuga sint ut id vel quidem et.', 'ar-Distinctio aut dolorum ut reprehenderit eaque omnis. Ipsa delectus quia distinctio id. Minima nihil recusandae ut nobis eum ut officiis. Consequatur repudiandae maiores blanditiis accusamus.', 'en-Assumenda sed tempora molestias iure cumque. Vel eligendi quia quae. Error voluptas delectus alias et. Quia et est vitae sed. Facere labore fugit ad est et. Eaque nisi reiciendis nostrum sapiente tenetur.', '731.00', '661.00', NULL, 0, 'test.jpg', 0, 1, 1, 1, '2021-09-20', '2021-09-20', 6),
(200, '2021-09-20 10:22:41', '2021-09-20 10:22:41', NULL, 'ar_Velit eius dolor quia odio.', 'en-Nam earum sunt non ea non.', 'en-Quod ducimus et non ipsum.', 'ar-Adipisci id perspiciatis reiciendis. Quos officia quae magni quae aut ut. Voluptate eum est placeat animi. Tempora aut vero ut eaque. Iusto quia ipsam magni. Voluptatum et ut consectetur veniam voluptas. Perspiciatis aperiam est illo rerum in sed.', 'en-Omnis sed tempore suscipit nobis deleniti minima. Saepe ipsum qui voluptas adipisci et reiciendis. Qui dolor ea magnam error. Delectus officiis et quia ea aut.', '1412.00', '1342.00', NULL, 0, 'test.jpg', 0, 0, 0, 1, '2021-09-20', '2021-09-20', 5),
(201, '2021-09-20 12:57:49', '2021-09-20 12:57:49', NULL, 'ar_Et porro ut voluptate.', 'en-Laboriosam vero dignissimos sed.', 'en-Quo quia est fugiat sit.', 'ar-Nihil ut et culpa dignissimos quibusdam quibusdam rerum. Voluptate ad et et occaecati est. Ratione reiciendis ut explicabo natus blanditiis et sunt. Repudiandae iure doloremque quis aut. Ut quos quia assumenda quos. In asperiores cum officiis blanditiis.', 'en-Iste et dolorem qui quia sint ipsam. Nulla perferendis ut repudiandae nostrum. Qui est alias est qui rerum et aut quos. Veritatis saepe est voluptatibus vel id.', '1215.00', '1142.00', '6.00', 1, 'test.jpg', 0, 0, 1, 1, '2021-09-20', '2021-09-20', 1),
(202, '2021-09-20 12:57:50', '2021-09-20 12:57:50', NULL, 'ar_Totam perspiciatis et ea.', 'en-Cumque quas aliquam neque.', 'en-Commodi beatae beatae dolores et.', 'ar-Quia repudiandae expedita provident. Suscipit voluptatem consequuntur qui qui. Libero nobis distinctio quam autem occaecati itaque. Suscipit saepe rem incidunt dolor nihil et earum. Aut debitis deserunt dicta magni hic delectus totam dolorem.', 'en-Molestias ut fuga rerum distinctio. Aliquam ut ut est ex. Ipsum debitis beatae voluptates repellendus voluptate sunt.', '556.00', '459.00', '17.00', 0, 'test.jpg', 0, 0, 0, 1, '2021-09-20', '2021-09-21', 9),
(203, '2021-09-20 12:57:50', '2021-09-20 12:57:50', NULL, 'ar_Necessitatibus et eum accusantium.', 'en-Deserunt eos vel aut occaecati.', 'en-In quos a nisi.', 'ar-Sed quidem excepturi quaerat expedita. Aut dolorem quasi harum. Recusandae a et perferendis earum. Ut officia nobis id blanditiis hic maiores quo. Non necessitatibus voluptatem magnam. Qui quidem eum neque beatae atque est consequatur autem.', 'en-Ut pariatur error in et ut. Laboriosam neque laborum et sed ipsam sunt. Beatae vel asperiores qui. Molestiae qui voluptas eum eos. Et autem est laboriosam ratione tenetur mollitia consequuntur. Accusantium sit nam sint laborum. At quia ab ullam aut.', '461.00', '386.00', '16.00', 0, 'test.jpg', 0, 1, 0, 1, '2021-09-20', '2021-09-20', 1),
(204, '2021-09-20 12:57:50', '2021-09-20 12:57:50', NULL, 'ar_Vero accusantium vel natus vel.', 'en-Unde molestiae aperiam sit.', 'en-A inventore cumque in magnam.', 'ar-Quasi fugiat et architecto aut ullam reiciendis. Quae sapiente distinctio aut dolores dolorem numquam. Omnis atque similique alias voluptate cupiditate eveniet et. Dolor officia hic non nemo dolorum animi.', 'en-Molestiae rerum ipsum totam sapiente aut. Optio labore officia sunt animi. Et qui numquam accusantium quasi. Omnis aspernatur sed adipisci sunt sit.', '763.00', '676.00', '11.00', 1, 'test.jpg', 0, 1, 0, 0, '2021-09-20', '2021-09-20', 13),
(205, '2021-09-20 12:57:50', '2021-09-20 12:57:50', NULL, 'ar_Id aut ex consequatur.', 'en-Ut id non eius ea nesciunt.', 'en-Aut quos numquam maxime sed sit.', 'ar-Nulla voluptas sit saepe cupiditate facilis. Cupiditate impedit ea eos numquam aliquam est. Quo ipsam voluptas voluptatem est omnis quasi.', 'en-Impedit mollitia mollitia a minima aut ratione vero deserunt. Aut animi at rerum repudiandae tempora illo minus. Cumque eligendi odit ipsam laudantium. Officiis laborum dolorem eaque. Voluptatem quia et pariatur qui ut mollitia aspernatur molestiae.', '1143.00', '1056.00', '8.00', 1, 'test.jpg', 0, 0, 1, 1, '2021-09-20', '2021-09-21', 5),
(206, '2021-09-20 12:57:50', '2021-09-20 12:57:50', NULL, 'ar_Animi nulla et ut quidem.', 'en-Quia eaque reiciendis et ipsa.', 'en-Nulla aut totam minus.', 'ar-Voluptates beatae sequi voluptatem dolorem. A voluptatem sed necessitatibus nihil ipsa ut aut. Quaerat enim corrupti consequatur et voluptatibus.', 'en-Hic expedita quae sed facilis rem. Consectetur veritatis architecto et vitae est. Impedit aut voluptate et error. Saepe rerum quas in laboriosam voluptatem commodi. Aspernatur ut et quod est accusantium vero.', '1442.00', '1337.00', '7.00', 1, 'test.jpg', 0, 0, 1, 1, '2021-09-20', '2021-09-21', 1),
(207, '2021-09-20 12:57:51', '2021-09-20 12:57:51', NULL, 'ar_Voluptatem veniam odio et sed.', 'en-Dolorem deserunt qui nobis ea.', 'en-Eaque minus ut excepturi.', 'ar-Magni soluta enim iste qui. Consequuntur dolorum voluptas aut perferendis. Rerum deserunt repellat itaque aliquam. Temporibus itaque ipsum debitis accusamus reiciendis.', 'en-Deleniti sit animi aut et. Voluptatem hic adipisci rerum harum voluptatem. Culpa mollitia voluptates voluptatem iusto voluptatem aut animi dolor.', '489.00', '347.00', '29.00', 0, 'test.jpg', 0, 0, 0, 1, '2021-09-20', '2021-09-21', 8),
(208, '2021-09-20 12:57:51', '2021-09-20 12:57:51', NULL, 'ar_Sit eaque excepturi omnis error.', 'en-Fugiat quae voluptas sed.', 'en-Voluptatibus fuga ut fuga quo.', 'ar-Facere eveniet libero iure aut. Sunt temporibus molestiae consequatur. Corporis dolore laudantium quia excepturi nihil dolorem excepturi.', 'en-Amet sint cum rerum error qui. Rem quos vero voluptas nulla praesentium. Non ipsum est qui consequatur maxime minima delectus.', '740.00', '592.00', '20.00', 1, 'test.jpg', 0, 0, 1, 0, '2021-09-20', '2021-09-20', 5),
(209, '2021-09-20 12:57:51', '2021-09-20 12:57:51', NULL, 'ar_Quos rem adipisci rerum itaque.', 'en-Et autem voluptas qui quo.', 'en-Nam quod molestias qui et.', 'ar-Voluptas inventore voluptatem reiciendis qui dolores corrupti. Beatae dolore sed ut ratione dolor. Voluptas est eveniet ea et.', 'en-Nam fugit dolorem accusamus suscipit voluptas. Non quasi dolorem doloremque ipsa et. Perferendis reprehenderit ratione quisquam consequatur. Delectus et eligendi omnis natus deserunt consequatur. Aliquam dolor similique dicta et quia.', '682.00', '555.00', '19.00', 1, 'test.jpg', 0, 0, 1, 0, '2021-09-20', '2021-09-20', 8),
(210, '2021-09-20 12:57:51', '2021-09-20 12:57:51', NULL, 'ar_Animi ut mollitia cumque tempora.', 'en-Fugiat hic et tempore qui.', 'en-Est illo veniam accusamus esse.', 'ar-Quia odio non magni reprehenderit facilis possimus. Dolorum dolorum corrupti et eum. Explicabo et sunt quam quia voluptate repellendus ut.', 'en-Architecto iste accusamus aut in molestiae totam non. Eum dolorum qui veniam hic accusamus sed minima. Hic minima dolorem dolores. Porro numquam maxime dicta nemo sunt. Soluta aperiam suscipit qui consequatur itaque quo unde repudiandae.', '567.00', '421.00', '26.00', 1, 'test.jpg', 0, 0, 0, 0, '2021-09-20', '2021-09-20', 3),
(211, '2021-09-20 12:57:51', '2021-09-20 12:57:51', NULL, 'ar_Aut rerum in rerum ut vero.', 'en-Ut nisi eius nobis et et nostrum.', 'en-Neque ipsum deleniti aut.', 'ar-Nam perferendis voluptatem sed qui dolores sit sit ut. Non quibusdam facere laboriosam aliquid temporibus consequuntur. Facilis vitae aut eum. Sint in eius fugiat voluptas asperiores quia saepe illo. Dolorem earum qui sunt consequatur voluptatem.', 'en-Totam dicta aut velit corrupti. Harum qui illum modi minus. Saepe ipsam omnis dolorem expedita distinctio et distinctio. Magni nobis officia consequatur nobis velit a molestiae sed.', '877.00', '786.00', '10.00', 1, 'test.jpg', 0, 0, 1, 0, '2021-09-20', '2021-09-20', 6),
(212, '2021-09-20 12:57:51', '2021-09-20 12:57:51', NULL, 'ar_Saepe tempore quia est.', 'en-Sapiente ut libero officia quis.', 'en-Error a sed voluptatem molestiae.', 'ar-Nihil nam ratione dolores eum voluptatem vel. Rerum repellat neque odio. Ut alias ipsum aut voluptas reiciendis nostrum repellat.', 'en-Dolor nam sed quisquam et aperiam illo. Voluptas architecto necessitatibus debitis. Numquam magni sit non aspernatur nostrum quas ad saepe. Facere omnis nobis qui a quidem.', '818.00', '746.00', '9.00', 0, 'test.jpg', 0, 0, 0, 1, '2021-09-20', '2021-09-20', 2),
(213, '2021-09-20 12:57:51', '2021-09-20 12:57:51', NULL, 'ar_Blanditiis et sed dolorum.', 'en-Eaque minus tempora mollitia iste.', 'en-Quia ut ut dolor.', 'ar-Voluptates est odit deserunt consequuntur. Perspiciatis corporis aliquid quia quisquam blanditiis ut voluptatibus.', 'en-Reiciendis eos natus quia minima. Voluptas velit animi est minima sit quia tenetur. Error non molestias temporibus id quod sit et molestiae.', '666.00', '595.00', '11.00', 0, 'test.jpg', 0, 0, 1, 1, '2021-09-20', '2021-09-21', 3),
(214, '2021-09-20 12:57:51', '2021-09-20 12:57:51', NULL, 'ar_Eum quod voluptatem est.', 'en-Id qui cum odit.', 'en-Debitis deserunt quam aut dolorem.', 'ar-Aspernatur et consequatur rerum velit velit. Non dolores labore laudantium nobis et quibusdam sed illo. Sed voluptatem hic quae blanditiis quia. Aut laudantium voluptatem reiciendis reprehenderit voluptate aut consectetur.', 'en-Consequuntur cumque odio odit. Aut voluptates ut qui ut iusto ut. Asperiores ullam nihil accusamus ullam at et cum ratione. Illo explicabo et cum deserunt at.', '589.00', '464.00', '21.00', 1, 'test.jpg', 0, 0, 1, 0, '2021-09-20', '2021-09-21', 6),
(215, '2021-09-20 12:57:51', '2021-09-20 12:57:51', NULL, 'ar_Quis laboriosam et vitae.', 'en-Omnis voluptas ipsa aliquam et.', 'en-Odio ducimus ipsum non.', 'ar-Nisi sunt reiciendis nostrum ut. Eum aliquid ipsam nisi ut omnis sit aut.', 'en-In quae atque sequi enim ea dolorem. Ea maxime nemo sed. Amet autem neque modi quo ipsa ut est. Qui qui dignissimos magnam repellendus impedit laudantium.', '1430.00', '1350.00', '6.00', 1, 'test.jpg', 0, 1, 0, 0, '2021-09-20', '2021-09-20', 9),
(216, '2021-09-20 12:57:51', '2021-09-20 12:57:51', NULL, 'ar_Aut neque est reiciendis nisi.', 'en-Natus rerum nisi velit et.', 'en-Qui minima nihil officiis in aut.', 'ar-Facilis exercitationem eos vero qui voluptate. Possimus perspiciatis aperiam molestiae incidunt est ut alias. Quas sit assumenda rem dicta et et repellat.', 'en-Adipisci cum aut dolore ad et. Aut consequatur sapiente repudiandae quaerat voluptatem eos. Voluptas temporibus dignissimos qui. Ab dolorem repellat et.', '1133.00', '1037.00', '8.00', 1, 'test.jpg', 0, 1, 0, 0, '2021-09-20', '2021-09-21', 7),
(217, '2021-09-20 12:57:51', '2021-09-20 12:57:51', NULL, 'ar_Neque sunt omnis sed rerum.', 'en-Ad vitae atque omnis quis.', 'en-Ut dolorem ad sit harum.', 'ar-Necessitatibus consequatur sed quaerat sed. Tenetur non neque commodi labore aliquid. Enim voluptatibus sunt eum id et aut. Ea qui omnis consequatur.', 'en-Qui molestias minus assumenda occaecati libero veritatis. Nulla consequatur atque reprehenderit consequatur repellat velit at. Recusandae autem labore exercitationem non ut sit hic sint. Cumque iste ipsa fuga veritatis molestiae dolore ut.', '658.00', '541.00', '18.00', 1, 'test.jpg', 0, 1, 0, 0, '2021-09-20', '2021-09-21', 7),
(218, '2021-09-20 12:57:51', '2021-09-20 12:57:51', NULL, 'ar_Voluptate nemo nam id.', 'en-Est rerum alias sunt iusto.', 'en-Ipsam quo sapiente voluptas.', 'ar-Eaque quisquam aliquid recusandae libero ab cumque. Eaque id est voluptas placeat voluptatem. Non placeat eveniet omnis voluptas. Iste nam explicabo quas molestiae.', 'en-Quam exercitationem et in vitae praesentium facere nesciunt. Id consectetur dolores eaque sit inventore qui. Dolor et facere sequi neque voluptatem pariatur velit.', '748.00', '668.00', '11.00', 0, 'test.jpg', 0, 1, 1, 0, '2021-09-20', '2021-09-20', 6),
(219, '2021-09-20 12:57:52', '2021-09-20 12:57:52', NULL, 'ar_Corporis itaque non minima hic.', 'en-Illum molestiae eius hic.', 'en-Ad quia necessitatibus incidunt.', 'ar-Deserunt repellat eum inventore non libero. Qui sit quaerat ut error. Vero sit magnam illo labore nobis vero voluptates laboriosam. Dolores ducimus cumque incidunt commodi nostrum et.', 'en-Repellat repudiandae eos quia tempore ducimus. Totam soluta veritatis natus fuga rerum odit in accusamus. Ipsa natus in ducimus quod. Autem laudantium voluptas quia ipsa eveniet ut sit fugiat.', '535.00', '399.00', '25.00', 0, 'test.jpg', 0, 0, 1, 1, '2021-09-20', '2021-09-21', 4),
(220, '2021-09-20 12:57:52', '2021-09-20 12:57:52', NULL, 'ar_Quo aliquam modi alias molestiae.', 'en-Dolorem sint facere ipsam quam.', 'en-Incidunt iste quia quidem.', 'ar-Animi quam et qui laboriosam optio vel dicta. Quia architecto aliquam necessitatibus velit eos ad. Optio voluptas non eos quasi. Quasi iste sint veritatis fugit quas ex ducimus consequatur.', 'en-Et excepturi voluptatem eos voluptatem deserunt. Et qui fugiat reprehenderit dicta. Tempore assumenda laboriosam omnis rerum illum quibusdam. Nihil sed sint earum delectus vel veniam.', '973.00', '851.00', '13.00', 0, 'test.jpg', 0, 1, 1, 1, '2021-09-20', '2021-09-20', 4),
(221, '2021-09-20 12:57:52', '2021-09-20 12:57:52', NULL, 'ar_Vel amet est quod non.', 'en-Distinctio sint vel possimus.', 'en-Ea et maiores et blanditiis.', 'ar-Illo sapiente eveniet aperiam facere fugiat accusamus. Qui vel voluptatem dolor non fugit voluptates corrupti. Vitae enim rerum voluptatem illo.', 'en-Totam unde optio voluptatem est ea eius. Inventore consequuntur veniam voluptas et eaque. Id corrupti fuga voluptatem et aliquid aut saepe.', '969.00', '892.00', '8.00', 0, 'test.jpg', 0, 0, 0, 1, '2021-09-20', '2021-09-21', 12),
(222, '2021-09-20 12:57:52', '2021-09-20 12:57:52', NULL, 'ar_Id eligendi ut porro corporis.', 'en-Nam quia iure quos.', 'en-At harum laborum sed quis.', 'ar-Necessitatibus qui voluptas recusandae consectetur distinctio perspiciatis sed accusamus. Nostrum quasi delectus non totam. Ad et ut et velit aut.', 'en-Et in animi molestiae quod soluta nemo. Maiores aut dolor quaerat dicta molestias sunt est. Qui sint non optio sed nesciunt laudantium sequi. Facere esse placeat repudiandae sed officia et quia. Quo consequuntur numquam amet a in error.', '741.00', '624.00', '16.00', 1, 'test.jpg', 0, 1, 0, 0, '2021-09-20', '2021-09-20', 10),
(223, '2021-09-20 12:57:52', '2021-09-20 12:57:52', NULL, 'ar_Facere voluptas magni totam.', 'en-Expedita aut eius omnis.', 'en-Aut saepe iusto ut et.', 'ar-Tempora dolorem assumenda qui ipsa. Natus qui corrupti quibusdam enim excepturi. Fugiat facilis distinctio qui dignissimos in.', 'en-Eius doloremque quo voluptatem aliquam explicabo. Occaecati suscipit autem quis saepe sit.', '1438.00', '1295.00', '10.00', 1, 'test.jpg', 0, 1, 1, 0, '2021-09-20', '2021-09-21', 4),
(224, '2021-09-20 12:57:52', '2021-09-20 12:57:52', NULL, 'ar_Ut fugit quis in ipsa.', 'en-Dolorem sit ea repellat nihil.', 'en-Dolorem ullam in tempore.', 'ar-Velit sed sed magni vero est autem occaecati labore. Ipsum perspiciatis laborum soluta qui odio. Debitis illo asperiores saepe aut quae dolorem. Et provident excepturi aut neque earum. Totam alias alias neque molestias.', 'en-Placeat eos voluptates beatae. Quasi eaque laboriosam id pariatur delectus quos vero ex.', '1158.00', '1067.00', '8.00', 1, 'test.jpg', 0, 0, 1, 1, '2021-09-20', '2021-09-21', 10),
(225, '2021-09-20 12:57:52', '2021-09-20 12:57:52', NULL, 'ar_Quam voluptas et illo veniam.', 'en-Nobis perspiciatis qui qui.', 'en-Aut dolorem nisi et ex.', 'ar-Nihil totam at qui itaque et. Quia quia optio esse voluptatibus sit quia eveniet architecto. Et sunt at rem omnis molestiae.', 'en-Ut sed voluptate consequatur dolorum pariatur. Iusto voluptatem unde veritatis laboriosam aliquam impedit. Officia voluptatibus ratione libero esse. Non itaque dicta incidunt qui voluptate.', '1499.00', '1415.00', '6.00', 0, 'test.jpg', 0, 1, 1, 0, '2021-09-20', '2021-09-21', 1),
(226, '2021-09-20 12:57:53', '2021-09-20 12:57:53', NULL, 'ar_Fugiat nihil harum fuga nihil quo.', 'en-Ut id consequatur iusto et.', 'en-Nihil qui pariatur quia.', 'ar-Necessitatibus ducimus architecto maxime quisquam aliquam qui perspiciatis. Ut quos officiis quam et aut hic mollitia ut. Ex ut cupiditate iusto adipisci quo itaque.', 'en-Ut soluta eum qui corporis ut dicta. Eum occaecati explicabo qui atque quis. Quia veniam delectus iste reiciendis et. Dolorem natus aut laboriosam unde totam.', '1274.00', '1176.00', '8.00', 0, 'test.jpg', 0, 1, 1, 0, '2021-09-20', '2021-09-21', 3),
(227, '2021-09-20 12:57:53', '2021-09-20 12:57:53', NULL, 'ar_At molestias illo enim placeat.', 'en-Et quod corporis dicta est.', 'en-Numquam et cum iure aut amet qui.', 'ar-Unde id accusantium et veritatis fugiat quo. Sint nisi deleniti inventore accusamus quasi dolor. Veniam consectetur deleniti qui dolorum. Deleniti reiciendis temporibus voluptas rerum quo ut optio. Dignissimos iusto dolorem inventore est et voluptate.', 'en-Et officia ut vitae sed sit. Id sint non iste dolores. Dicta velit ratione enim distinctio dignissimos. Accusantium excepturi ut officiis praesentium blanditiis.', '457.00', '312.00', '32.00', 1, 'test.jpg', 0, 0, 1, 1, '2021-09-20', '2021-09-20', 8),
(228, '2021-09-20 12:57:53', '2021-09-20 12:57:53', NULL, 'ar_Sit veritatis et vel.', 'en-Est rem maiores fugiat.', 'en-Aut nisi temporibus ipsa sed.', 'ar-Repellat dolor saepe nihil possimus. Et quia eius inventore qui illo et. Vero sed praesentium optio vel fuga eius minima iste. Placeat et sed impedit numquam explicabo.', 'en-Fuga omnis at alias quis. Dolores a in quis recusandae. Ea magnam quo quos eum. Aperiam eos laborum non est aperiam.', '1045.00', '942.00', '10.00', 0, 'test.jpg', 0, 0, 0, 1, '2021-09-20', '2021-09-20', 10),
(229, '2021-09-20 12:57:54', '2021-09-20 12:57:54', NULL, 'ar_Et expedita aut temporibus quos.', 'en-Qui in natus quia.', 'en-Omnis voluptatem dolor qui quidem.', 'ar-Iste voluptatem a molestiae. Sapiente voluptas corporis enim eligendi. Aut nemo reprehenderit ea et vel aut. Nesciunt autem nihil incidunt ducimus sit adipisci reiciendis.', 'en-Exercitationem vero aut accusamus ea laudantium quis. Sit sit aperiam non quaerat et ullam sequi ut. Non optio vel quia eius temporibus et veritatis pariatur. Est eaque dolorem laboriosam ratione qui cum corporis dolores.', '722.00', '629.00', '13.00', 0, 'test.jpg', 0, 0, 0, 1, '2021-09-20', '2021-09-21', 14),
(230, '2021-09-20 12:57:54', '2021-09-20 12:57:54', NULL, 'ar_Voluptatem ea est corrupti sit.', 'en-Magni sit nostrum quas.', 'en-Ipsum aut quia id.', 'ar-Perspiciatis quis sequi laborum. Ipsum commodi quia atque veniam est. Deleniti non in perspiciatis tenetur rem possimus corrupti sunt. Est possimus ad illo.', 'en-Sunt id quia qui at. Est incidunt eaque qui aut ut possimus. Rerum ab aut maiores possimus. Soluta ut aut commodi nihil. Adipisci voluptate est doloremque et est tempora velit. Esse assumenda voluptatem rerum accusamus.', '792.00', '718.00', '9.00', 1, 'test.jpg', 0, 1, 0, 0, '2021-09-20', '2021-09-21', 13),
(231, '2021-09-20 12:57:54', '2021-09-20 12:57:54', NULL, 'ar_Odio dolor et quam enim.', 'en-Magnam odio quo commodi.', 'en-Dolorem sit odio molestias.', 'ar-Sapiente et similique excepturi illo quis. Voluptatem voluptas voluptas maiores sapiente. Aspernatur quibusdam qui et esse eum magni et quod.', 'en-Sunt rerum dolorem ipsum. Laudantium eos temporibus ullam sed. Natus assumenda aut et distinctio provident molestias. Et est recusandae quidem dolorem deserunt.', '1046.00', '924.00', '12.00', 0, 'test.jpg', 0, 0, 0, 0, '2021-09-20', '2021-09-20', 7),
(232, '2021-09-20 12:57:54', '2021-09-20 12:57:54', NULL, 'ar_Blanditiis consequuntur modi eos.', 'en-Ducimus porro facere facilis fuga.', 'en-In quam nobis adipisci illum.', 'ar-Voluptatem quod omnis voluptatem iure pariatur et. Ut facere tempora quidem consequatur rerum possimus. Asperiores ut voluptatum alias ducimus et. Dolorum inventore ullam nesciunt. Reiciendis nemo sapiente sint et. Sint ab veniam iusto eos in.', 'en-Voluptatibus ut quis laudantium accusantium. Et molestias qui deserunt. Tenetur qui sit illum maiores est assumenda ullam. Incidunt sunt dolorem ut expedita debitis vel est. Est saepe numquam blanditiis amet.', '933.00', '784.00', '16.00', 0, 'test.jpg', 0, 1, 1, 0, '2021-09-20', '2021-09-21', 14),
(233, '2021-09-20 12:57:54', '2021-09-20 12:57:54', NULL, 'ar_Aut facere ea sit vel.', 'en-Atque harum tempore sit.', 'en-Qui est nemo non ipsum assumenda.', 'ar-Enim qui dolorum incidunt sint animi sed. Voluptatum sapiente dolor facere saepe aspernatur impedit assumenda voluptatem. Quidem sed in maxime et. Architecto aut sint magnam ad ut assumenda neque.', 'en-Sit esse nihil officiis quisquam id quis dolorem. Neque iure perspiciatis quidem ut quaerat cupiditate consequatur. Consequatur ex occaecati nam libero. Commodi omnis architecto eos odio nihil.', '1239.00', '1124.00', '9.00', 1, 'test.jpg', 0, 0, 1, 0, '2021-09-20', '2021-09-21', 3),
(234, '2021-09-20 12:57:54', '2021-09-20 12:57:54', NULL, 'ar_Porro saepe ullam qui fuga sed.', 'en-Ratione aut voluptatem quis eum.', 'en-Et atque molestiae et.', 'ar-Sed sed nam ipsum consectetur voluptas doloribus ea. Doloremque consectetur est voluptatibus quam. Assumenda quasi aut et aspernatur aut. Amet quia rerum autem.', 'en-Aliquam fuga qui et quo est. Mollitia aut sit perspiciatis dolorum. Laboriosam deleniti id nulla saepe doloremque asperiores. Et aut accusantium eveniet sint est.', '1452.00', '1313.00', '10.00', 1, 'test.jpg', 0, 1, 1, 1, '2021-09-20', '2021-09-20', 12),
(235, '2021-09-20 12:57:54', '2021-09-20 12:57:54', NULL, 'ar_Hic quas totam veniam.', 'en-Natus excepturi dolor mollitia.', 'en-Odio at ut aut quia.', 'ar-Aut qui omnis modi ea eum. Sed dicta est corrupti rem. Quia consequatur minima voluptatem omnis numquam ut veniam iure.', 'en-Enim odio et sit et voluptate repellendus corrupti. Omnis ducimus inventore velit quia similique ut. Ducimus culpa dolorum sed omnis.', '1026.00', '919.00', '10.00', 0, 'test.jpg', 0, 0, 0, 1, '2021-09-20', '2021-09-21', 0),
(236, '2021-09-20 12:57:54', '2021-09-20 12:57:54', NULL, 'ar_Quae ut non dolorum repudiandae.', 'en-Voluptatem odio quo et explicabo.', 'en-Doloribus sunt dolor at mollitia.', 'ar-Pariatur sit quae sit deserunt. Deserunt quas repellendus dolor corrupti deleniti quasi sit suscipit. Aut dolorum esse qui qui doloremque.', 'en-Autem sed voluptatibus non a quia quis molestiae nobis. Facere similique aut et neque est aut. Vitae ut non ad et saepe.', '1286.00', '1141.00', '11.00', 0, 'test.jpg', 0, 0, 0, 1, '2021-09-20', '2021-09-21', 14),
(237, '2021-09-20 12:57:54', '2021-09-20 12:57:54', NULL, 'ar_Ut voluptas ut cupiditate et.', 'en-Quasi non impedit vel.', 'en-Perspiciatis omnis qui ea nam ex.', 'ar-Ipsam est excepturi animi labore. Commodi quae rerum ut eligendi velit. Et ad delectus aut veniam enim perferendis.', 'en-Sit aut aperiam adipisci quisquam placeat. Aut facere consectetur corrupti qui voluptas sint eum. Doloremque qui saepe quas cupiditate.', '514.00', '406.00', '21.00', 1, 'test.jpg', 0, 0, 0, 1, '2021-09-20', '2021-09-21', 5),
(238, '2021-09-20 12:57:54', '2021-09-20 12:57:54', NULL, 'ar_Tenetur quis alias ut.', 'en-Enim assumenda sapiente quaerat.', 'en-Repudiandae in quaerat est rerum.', 'ar-Maiores natus ratione sit esse modi. Mollitia maxime facere repellat temporibus consectetur id aut. Qui veniam non est sint itaque. Corrupti iusto eum sapiente enim voluptates repudiandae dolores.', 'en-Voluptatem assumenda impedit ipsam ut provident eos qui veniam. Sapiente vel officiis doloremque velit repellendus. Omnis amet sit quos ducimus vero ab. Eum sed consequatur et nesciunt tempora.', '1122.00', '988.00', '12.00', 1, 'test.jpg', 0, 0, 0, 0, '2021-09-20', '2021-09-21', 13),
(239, '2021-09-20 12:57:55', '2021-09-20 12:57:55', NULL, 'ar_Aut dolores sit adipisci qui et.', 'en-Cupiditate qui non aliquam eaque.', 'en-Sunt sunt molestias quod omnis.', 'ar-Asperiores molestiae itaque doloremque occaecati. Quam hic quia delectus vitae aut. Earum dolores error quia laudantium voluptas deleniti. Eum rerum qui cupiditate dolorum qui quia veniam. Maiores veritatis est nihil et explicabo veniam.', 'en-Quo et fuga ratione corporis voluptate natus magnam. Voluptatem illum earum dicta blanditiis. Rerum suscipit exercitationem consequatur qui incidunt vel et.', '685.00', '589.00', '14.00', 1, 'test.jpg', 0, 1, 0, 1, '2021-09-20', '2021-09-21', 2),
(240, '2021-09-20 12:57:55', '2021-09-20 12:57:55', NULL, 'ar_Magni in unde aut ea et.', 'en-Voluptatibus molestiae aut dolore.', 'en-Quo et dolore eius omnis nemo.', 'ar-Fugiat aut accusamus doloribus vitae ut. Facilis nobis eveniet iste molestiae. Tenetur et et quibusdam odit ea iusto. Ut aut nostrum nesciunt sit iure voluptatibus. Omnis ipsum molestiae sed et. Eum nobis culpa totam quia laboriosam doloribus.', 'en-Eveniet libero sed fugit eum reiciendis esse occaecati. Dignissimos ad similique ullam magnam earum ea dicta. Hic doloribus aut labore unde vel. Dolor quibusdam rerum voluptatem sequi.', '1338.00', '1227.00', '8.00', 1, 'test.jpg', 0, 1, 0, 0, '2021-09-20', '2021-09-21', 5),
(241, '2021-09-20 12:57:55', '2021-09-20 12:57:55', NULL, 'ar_Et et deleniti harum aut.', 'en-Eos officia placeat dolorum eius.', 'en-Enim qui impedit nisi.', 'ar-Sint quis sed aspernatur placeat vero et voluptatem. Ipsam accusamus dolor a consequuntur. Sapiente deleniti ipsum quidem voluptatem.', 'en-Fuga voluptatem voluptatum quibusdam aperiam error repellat eum minus. Saepe odit non iusto vero velit illo maxime. Minima sed ut ipsam quia quia.', '1320.00', '1228.00', '7.00', 1, 'test.jpg', 0, 0, 0, 1, '2021-09-20', '2021-09-21', 12),
(242, '2021-09-20 12:57:55', '2021-09-20 12:57:55', NULL, 'ar_Et dolorem non non incidunt.', 'en-Libero eum ut fuga sed est totam.', 'en-Assumenda quia quasi voluptate et.', 'ar-Rerum eum fugit repellat laborum consequatur exercitationem. Magni molestias voluptatem asperiores dolor voluptas neque. Culpa sit eos dolores et non nihil illum. Facere quis nisi dicta dolor at.', 'en-Culpa nesciunt distinctio est. Rerum voluptatum et in voluptate est aut eos. Eaque aliquam odio ratione quibusdam ut nihil assumenda.', '1142.00', '1025.00', '10.00', 1, 'test.jpg', 0, 1, 0, 0, '2021-09-20', '2021-09-21', 8),
(243, '2021-09-20 12:57:56', '2021-09-20 12:57:56', NULL, 'ar_Quam nemo distinctio iste omnis.', 'en-Temporibus nesciunt et in.', 'en-Fugiat eum rerum eligendi.', 'ar-Voluptatum iusto earum facilis qui. Officiis dolores in et minima corrupti architecto. Velit impedit placeat architecto incidunt natus. Et vel dicta ipsam est perspiciatis voluptas non maxime.', 'en-Ipsum rerum et rerum quae et est sit et. Distinctio sint odio odit aspernatur ea iste cumque et. Ex optio porro eos. Magni quia consectetur beatae quos qui alias. Expedita voluptatem adipisci quia laboriosam.', '870.00', '734.00', '16.00', 0, 'test.jpg', 0, 1, 0, 1, '2021-09-20', '2021-09-20', 12),
(244, '2021-09-20 12:57:56', '2021-09-20 12:57:56', NULL, 'ar_Neque sed iure pariatur quo at.', 'en-Ut dicta id rerum officiis quod.', 'en-Cumque ut ut ullam.', 'ar-Ducimus eius esse ipsa numquam et. Et nam voluptatem voluptate expedita et est magni. Hic inventore culpa a nam. Sed eveniet quos aut rerum est.', 'en-Soluta numquam fuga quos autem libero. Voluptates quidem iure saepe ea repellat possimus. Corporis quo eaque rerum inventore facilis. Quo amet fugit animi ducimus. Qui dolore distinctio ex. Ut eveniet vitae corporis aut consequatur ab.', '1339.00', '1229.00', '8.00', 1, 'test.jpg', 0, 0, 1, 0, '2021-09-20', '2021-09-20', 13);
INSERT INTO `products` (`id`, `created_at`, `updated_at`, `deleted_at`, `name_ar`, `name_en`, `slug`, `description_ar`, `description_en`, `regular_price`, `sale_price`, `discount_percentage`, `in_sale`, `img`, `sort`, `is_recommended`, `is_best`, `has_options`, `start_sale`, `end_sale`, `quantity`) VALUES
(245, '2021-09-20 12:57:56', '2021-09-20 12:57:56', NULL, 'ar_Et nam eligendi repudiandae at.', 'en-Sint cum beatae saepe ipsum.', 'en-Aut illum qui iusto ipsa dolor ut.', 'ar-Nam atque quos dignissimos labore. Et temporibus eveniet fugit vero odit aspernatur. Ut perferendis aliquam sunt tempora sint omnis.', 'en-Omnis qui fugiat ut voluptas. In qui in nulla quod eaque. Tenetur minima labore pariatur distinctio est expedita autem neque. Harum dolores at quia aperiam necessitatibus totam unde.', '908.00', '801.00', '12.00', 0, 'test.jpg', 0, 1, 1, 1, '2021-09-20', '2021-09-21', 14),
(246, '2021-09-20 12:57:56', '2021-09-20 12:57:56', NULL, 'ar_Vel voluptatem rem sed.', 'en-Optio nobis eligendi dolorem et.', 'en-Aut est error aut rem.', 'ar-Eos incidunt cumque qui ex numquam nobis laboriosam. Ipsam ipsam in tempora nam. Fugit in totam aspernatur atque doloribus. Officia cumque qui eius dignissimos qui. Aut similique ratione earum praesentium quasi quod vitae.', 'en-Temporibus doloremque nemo eum et aut est. Quos vitae numquam repellat hic et omnis. Iure est est consectetur nulla asperiores. Aut cum consequatur ea saepe. Magni odio cum reiciendis.', '1445.00', '1305.00', '10.00', 0, 'test.jpg', 0, 1, 0, 0, '2021-09-20', '2021-09-21', 7),
(247, '2021-09-20 12:57:56', '2021-09-20 12:57:56', NULL, 'ar_Natus sed autem ad sunt soluta.', 'en-Cum harum at id ut rerum expedita.', 'en-Dolores optio ut ipsum dicta.', 'ar-Rem ratione repellendus facilis et ut ipsam soluta. Error quasi expedita in voluptates et consequuntur. Voluptatum et est quibusdam autem. Incidunt expedita sit corporis non magni fugit rerum.', 'en-Corrupti officia mollitia et rem dolorem dolor vel ipsum. Consectetur nisi ullam reiciendis aut provident et et. Voluptatem eaque ea voluptas non qui aliquid eligendi quidem. Voluptatem consectetur rerum quod.', '1037.00', '955.00', '8.00', 1, 'test.jpg', 0, 1, 1, 0, '2021-09-20', '2021-09-21', 10),
(248, '2021-09-20 12:57:56', '2021-09-20 12:57:56', NULL, 'ar_Dicta et et omnis repellendus.', 'en-Perferendis et hic qui enim aut.', 'en-Libero est hic modi numquam.', 'ar-Quia quos atque dolorem. Explicabo nulla odit esse rerum. Vero numquam dignissimos hic labore vitae impedit sapiente. Corporis placeat iste voluptas vel omnis iure aut sed. Adipisci ipsam quia tenetur et mollitia ea quae.', 'en-Cumque laboriosam error soluta perspiciatis assumenda odio. Dolor dolorem iusto voluptatem rerum numquam doloremque. Deleniti incidunt ea doloribus consequuntur et.', '701.00', '556.00', '21.00', 1, 'test.jpg', 0, 0, 1, 0, '2021-09-20', '2021-09-20', 13),
(249, '2021-09-20 12:57:56', '2021-09-20 12:57:56', NULL, 'ar_Minima et nisi sed consequatur.', 'en-Et sed et unde.', 'en-Natus qui modi nobis culpa.', 'ar-Ut illo consectetur numquam fugit quasi nesciunt. Ab esse nemo autem saepe voluptatum. Aliquid nobis laudantium aliquid et. Natus et maiores sed explicabo facilis.', 'en-Ipsam magni nihil beatae reiciendis sapiente. Dolor animi consequuntur ut est. Facere ducimus voluptas dolores omnis sequi omnis atque.', '1293.00', '1170.00', '10.00', 0, 'test.jpg', 0, 0, 1, 0, '2021-09-20', '2021-09-21', 9),
(250, '2021-09-20 12:57:56', '2021-09-20 12:57:56', NULL, 'ar_Nam esse quia dolor aut fugit est.', 'en-A dolor sunt ab cumque.', 'en-Laudantium quis ut aut ad omnis.', 'ar-Necessitatibus in maxime voluptatem illo. Totam facere nihil et ipsum aut velit laudantium. Non sed enim iste quibusdam sequi et perspiciatis quisquam.', 'en-Occaecati occaecati ab et ut deserunt quia. Quo sunt cum cum voluptate voluptas neque ab.', '1334.00', '1215.00', '9.00', 0, 'test.jpg', 0, 0, 0, 1, '2021-09-20', '2021-09-21', 15),
(251, '2021-09-20 12:57:57', '2021-09-20 12:57:57', NULL, 'ar_Autem ullam eveniet rem dolore.', 'en-Voluptas sunt laborum sapiente.', 'en-Est in minima qui fuga velit.', 'ar-Aliquid dolores consequuntur aperiam tempora. Ipsum alias excepturi dolorum accusantium.', 'en-Praesentium quasi sed rem velit consequatur voluptate dolores officiis. Omnis facere explicabo tempore maxime eum autem. Voluptate praesentium odio blanditiis aut fugiat.', '994.00', '857.00', '14.00', 0, 'test.jpg', 0, 0, 0, 0, '2021-09-20', '2021-09-20', 5),
(252, '2021-09-20 12:57:57', '2021-09-20 12:57:57', NULL, 'ar_Quidem fugit iste dolore.', 'en-Est amet laborum laboriosam ut.', 'en-Esse quis aut animi qui ipsum qui.', 'ar-Quis molestiae dicta sit. Sit autem perspiciatis molestiae mollitia beatae. Exercitationem neque ut quo totam quod est ut. Sapiente unde maiores fuga.', 'en-Non quae nam soluta sed deleniti aliquid. Vel placeat excepturi ut. Molestiae sint et temporibus sint.', '579.00', '493.00', '15.00', 1, 'test.jpg', 0, 1, 0, 1, '2021-09-20', '2021-09-20', 11),
(253, '2021-09-20 12:57:57', '2021-09-20 12:57:57', NULL, 'ar_Autem nisi qui omnis.', 'en-Eos vel sunt omnis incidunt.', 'en-Officia et sed sunt ducimus.', 'ar-Molestiae unde velit repudiandae harum ad. Asperiores cupiditate ea quia qui recusandae commodi ut. Nihil consectetur quia iste deserunt ut.', 'en-Debitis est omnis quia et asperiores quisquam deserunt. Temporibus autem praesentium sequi impedit. Voluptatem dignissimos laudantium quia quod. Omnis qui odit id est dolorem ipsum ut omnis.', '1349.00', '1245.00', '8.00', 0, 'test.jpg', 0, 1, 0, 1, '2021-09-20', '2021-09-21', 3),
(254, '2021-09-20 12:57:57', '2021-09-20 12:57:57', NULL, 'ar_Est vel molestias sed.', 'en-Quia aut rem recusandae eos.', 'en-Eos aliquid non ab perspiciatis.', 'ar-Eos ea vero perferendis accusamus magnam. Et consequatur dolorum praesentium mollitia. Aut laboriosam quia voluptatem et et. Eaque minima explicabo corrupti est voluptas.', 'en-Et eos aut repudiandae aliquid porro. Non et voluptatem dolor natus perspiciatis unde. Voluptatem eos in sint voluptas ut repudiandae non possimus.', '814.00', '716.00', '12.00', 0, 'test.jpg', 0, 0, 0, 0, '2021-09-20', '2021-09-21', 3),
(255, '2021-09-20 12:57:57', '2021-09-20 12:57:57', NULL, 'ar_Voluptatem est non qui minima.', 'en-Quas et magni est est.', 'en-Placeat distinctio at autem vero.', 'ar-A debitis in pariatur repellat enim at repellendus. In laudantium ut minima beatae. Quas earum fuga facere et omnis rerum et.', 'en-Quo neque quis accusamus sit perspiciatis ad quos. Voluptatibus quas ipsum fuga. Quis natus non quaerat aperiam.', '572.00', '451.00', '21.00', 1, 'test.jpg', 0, 1, 0, 1, '2021-09-20', '2021-09-20', 3),
(256, '2021-09-20 12:57:57', '2021-09-20 12:57:57', NULL, 'ar_Ipsam itaque eaque et.', 'en-Similique iusto ratione quod.', 'en-Quam illum ab commodi est.', 'ar-Sit ut consequatur occaecati voluptate est veniam laboriosam. Perferendis ea amet est qui vitae in. Sunt illum id earum quos et culpa. Sint quidem possimus voluptas laboriosam.', 'en-Et aut quod autem. Laborum occaecati occaecati incidunt quo vel quos molestiae. Qui ut adipisci exercitationem quisquam et. Sint facilis excepturi necessitatibus rem quos numquam mollitia minus. Id nobis ratione quia pariatur.', '559.00', '447.00', '20.00', 1, 'test.jpg', 0, 1, 1, 1, '2021-09-20', '2021-09-20', 11),
(257, '2021-09-20 12:57:57', '2021-09-20 12:57:57', NULL, 'ar_Sed dolores harum sit et mollitia.', 'en-Rerum quas quis sed voluptatem et.', 'en-Explicabo repellendus et possimus.', 'ar-Quas repellendus laudantium porro et ducimus. Exercitationem rem ut ipsam ut. Dignissimos distinctio nostrum qui dolor id eveniet sint reiciendis. Voluptatem velit cumque dolorem aliquam itaque possimus dolores. Nihil cum reprehenderit amet eius.', 'en-Odit dolores ab exercitationem dolorum. Animi corrupti modi maxime. Consequatur et aut saepe voluptatem non dolor. Quo aut qui sunt hic eos laborum commodi.', '1386.00', '1310.00', '5.00', 0, 'test.jpg', 0, 0, 1, 0, '2021-09-20', '2021-09-21', 14),
(258, '2021-09-20 12:57:57', '2021-09-20 12:57:57', NULL, 'ar_Sint animi id et quia qui sunt et.', 'en-Quam eum repudiandae aperiam quis.', 'en-Rem optio ut est.', 'ar-Iure tempora ut et aperiam. Praesentium fuga et modi alias consequatur nulla. Eligendi aperiam cupiditate illum quaerat. Vitae magni quia quia.', 'en-Voluptatum occaecati magni quisquam provident fugit nam. Aliquid impedit et nostrum ut. Qui veritatis eos quia ea odit quod placeat. Optio modi quo consectetur et reiciendis consectetur facilis.', '1435.00', '1361.00', '5.00', 1, 'test.jpg', 0, 1, 1, 0, '2021-09-20', '2021-09-20', 15),
(259, '2021-09-20 12:57:57', '2021-09-20 12:57:57', NULL, 'ar_Voluptatem quo voluptatem ipsa.', 'en-Unde voluptas praesentium nobis.', 'en-Optio placeat quia velit dolores.', 'ar-Omnis numquam atque eos voluptate et. Est voluptas iste eum dolor placeat quo voluptatum accusamus. Suscipit eveniet ipsum voluptatem accusantium.', 'en-Ea quidem minima aut voluptas quisquam quod a et. Expedita ab possimus illo voluptatum repellendus. Nostrum sunt provident hic. Unde itaque consectetur dolor numquam rerum aspernatur consequuntur. Placeat magni voluptas quae rerum.', '774.00', '678.00', '12.00', 0, 'test.jpg', 0, 1, 0, 0, '2021-09-20', '2021-09-20', 13),
(260, '2021-09-20 12:57:57', '2021-09-20 12:57:57', NULL, 'ar_Delectus nemo expedita eaque.', 'en-Aut hic debitis incidunt repellat.', 'en-Deleniti suscipit odit quam ullam.', 'ar-Facere et soluta eos delectus porro ratione. Numquam ut reiciendis quis est nostrum. Blanditiis nam et earum aut molestiae dicta. Unde et esse molestias aut. Cumque non occaecati sed non voluptatibus molestiae ipsum. Nam aut et omnis ad nemo.', 'en-Molestias veniam enim aut beatae eum pariatur. Impedit necessitatibus expedita rerum. Velit et dolorem nihil cupiditate ad non. Facere dolores quisquam eaque enim suscipit omnis.', '950.00', '849.00', '11.00', 1, 'test.jpg', 0, 0, 1, 1, '2021-09-20', '2021-09-21', 13),
(261, '2021-09-20 12:57:57', '2021-09-20 12:57:57', NULL, 'ar_Ullam omnis doloribus magni harum.', 'en-Aut aut natus iure assumenda.', 'en-Maiores quia earum in et error.', 'ar-Tenetur qui cumque quibusdam dicta quis facilis ad. Nesciunt sunt quis assumenda neque necessitatibus dolor cum unde. Possimus hic omnis est culpa est. Quia quo soluta labore quisquam accusantium. Sunt modi ut voluptatem et praesentium.', 'en-Ab officiis dolorem dignissimos voluptate temporibus. Veritatis odit voluptas quo in. Iste error sed voluptatem voluptatibus et assumenda. Maiores voluptatem hic sed vel veniam.', '1200.00', '1064.00', '11.00', 0, 'test.jpg', 0, 0, 0, 0, '2021-09-20', '2021-09-20', 0),
(262, '2021-09-20 12:57:57', '2021-09-20 12:57:57', NULL, 'ar_Quia sit adipisci asperiores.', 'en-Est eligendi et voluptatem.', 'en-Cupiditate nam quo atque est.', 'ar-Qui illum consequatur nulla est sit et aut. Dolore sunt est aut consequatur. Maiores ducimus atque delectus repellat accusantium sed mollitia. Praesentium odit rerum recusandae facere minima quos.', 'en-Totam minima rerum adipisci ducimus. Maxime corrupti aliquid amet assumenda ex qui nihil. Veniam ut similique qui cumque sit modi qui.', '1025.00', '876.00', '15.00', 1, 'test.jpg', 0, 0, 1, 0, '2021-09-20', '2021-09-21', 6),
(263, '2021-09-20 12:57:58', '2021-09-20 12:57:58', NULL, 'ar_Et vel mollitia molestias ab.', 'en-Repellendus omnis ut sint libero.', 'en-Et ab et tenetur nulla quasi et a.', 'ar-Asperiores quia optio aut earum voluptatum. Tenetur qui optio et nam. Commodi qui est id voluptas nemo et voluptatum. At ratione quis ratione dolore odio. Eligendi doloremque expedita minus ullam error dolor voluptatem. Ducimus id et culpa et.', 'en-Reiciendis alias occaecati est consequatur totam veritatis veniam animi. Consequatur sunt veniam eos. Voluptate culpa id nesciunt tenetur deserunt voluptas vero nisi. Cumque tenetur culpa quae rerum quia illo aspernatur cumque.', '866.00', '750.00', '13.00', 0, 'test.jpg', 0, 1, 1, 0, '2021-09-20', '2021-09-20', 1),
(264, '2021-09-20 12:57:58', '2021-09-20 12:57:58', NULL, 'ar_Est pariatur quidem nam qui vel.', 'en-Ipsam saepe maiores illum.', 'en-Rerum dolores provident quae eius.', 'ar-Nostrum deleniti minus maiores impedit ducimus non voluptate. Itaque unde voluptas culpa. Debitis repellendus tempora omnis voluptatem. Provident similique tempora enim eum.', 'en-Maiores temporibus dolores architecto aut. Et id eveniet ipsum cupiditate nesciunt nemo eos. Consequatur quo nam quidem unde est quam ad. Illum ipsam et tempora et. Molestias sint perferendis dolore. Aut harum ut quo ullam.', '789.00', '705.00', '11.00', 1, 'test.jpg', 0, 1, 1, 0, '2021-09-20', '2021-09-21', 2),
(265, '2021-09-20 12:57:58', '2021-09-20 12:57:58', NULL, 'ar_Iste in molestiae sequi sit nihil.', 'en-Sapiente veniam tempora quas et.', 'en-Fuga placeat a ea eos velit.', 'ar-Molestiae ab voluptatem doloremque. Hic ipsum officia et ea consequatur dolores ducimus. Ut est cupiditate sed quia esse fugit autem. Dolor quo omnis totam voluptatem.', 'en-Quia quo labore facilis commodi. Non doloremque asperiores qui consequatur maiores quos sapiente quasi. Dolore eos facilis repellat est repellendus quis facilis vel.', '902.00', '825.00', '9.00', 0, 'test.jpg', 0, 1, 1, 1, '2021-09-20', '2021-09-20', 10),
(266, '2021-09-20 12:57:58', '2021-09-20 12:57:58', NULL, 'ar_Maxime qui et saepe.', 'en-Exercitationem dolorem rerum sed.', 'en-Aliquid quis earum libero.', 'ar-Aperiam impedit aliquam sequi cum consectetur ipsa maiores. Omnis iusto molestias dicta et eaque.', 'en-Repudiandae autem voluptates magnam quod hic nihil. Amet vel asperiores et hic. Reprehenderit minus et adipisci fugit cumque. Perferendis harum quasi voluptas ullam eum vel.', '1330.00', '1193.00', '10.00', 0, 'test.jpg', 0, 0, 0, 1, '2021-09-20', '2021-09-21', 10),
(267, '2021-09-20 12:57:58', '2021-09-20 12:57:58', NULL, 'ar_Qui porro facere ut fugiat quasi.', 'en-Labore soluta quis iusto in at.', 'en-Veritatis quo occaecati et et.', 'ar-Inventore nam commodi sit. Sed adipisci quidem aut. Qui doloribus expedita esse unde qui earum. Ad sed omnis harum aut tempora quibusdam aut. Occaecati sed error consequatur doloremque sit qui.', 'en-Possimus nihil harum et officia quidem facere. Assumenda omnis atque qui adipisci eum exercitationem. Voluptas minima velit quisquam atque ullam et dolorum eveniet. Ipsum quasi fuga quos eligendi neque soluta rerum culpa.', '690.00', '559.00', '19.00', 1, 'test.jpg', 0, 1, 0, 0, '2021-09-20', '2021-09-20', 10),
(268, '2021-09-20 12:57:58', '2021-09-20 12:57:58', NULL, 'ar_Autem eligendi id et.', 'en-Et quia omnis corrupti ea eaque.', 'en-Omnis ut sequi quas.', 'ar-Illo neque dolores pariatur dolorem ea voluptatem. Iure placeat voluptas maxime maxime delectus. Dolor id facere iusto quisquam beatae perspiciatis non.', 'en-Natus quaerat quod qui ut adipisci. Sed ipsam exercitationem soluta aliquam.', '1113.00', '974.00', '12.00', 0, 'test.jpg', 0, 0, 1, 0, '2021-09-20', '2021-09-20', 9),
(269, '2021-09-20 12:57:58', '2021-09-20 12:57:58', NULL, 'ar_Quae et eius dolorem.', 'en-Fugit minima doloremque quas ut.', 'en-Et maxime molestiae vitae.', 'ar-Sit dolorum sed distinctio. Sed rem quia voluptas in earum fuga. Voluptatum iure maiores distinctio voluptas.', 'en-Et voluptatem sed aliquam fugit nesciunt blanditiis. Voluptatem molestiae voluptas et ea omnis ut possimus. Placeat possimus fuga adipisci soluta magni harum. Tenetur ullam reiciendis perspiciatis aut.', '614.00', '509.00', '17.00', 1, 'test.jpg', 0, 1, 1, 0, '2021-09-20', '2021-09-20', 1),
(270, '2021-09-20 12:57:58', '2021-09-20 12:57:58', NULL, 'ar_Nihil ex saepe quae dolorem.', 'en-Qui recusandae a ut iure sit.', 'en-Et harum et quis earum eum beatae.', 'ar-Mollitia facere totam ipsa minima et voluptas. Sunt repellat rerum quidem itaque laboriosam. Sit debitis in error nulla sed.', 'en-Ratione distinctio et tempore dolorem possimus delectus. Qui sed quaerat qui perspiciatis possimus accusantium deserunt. Earum quos qui error voluptatem. Nostrum consectetur necessitatibus architecto est vitae. Ipsum veritatis perferendis qui enim velit.', '985.00', '882.00', '10.00', 1, 'test.jpg', 0, 1, 1, 0, '2021-09-20', '2021-09-20', 13),
(271, '2021-09-20 12:57:58', '2021-09-20 12:57:58', NULL, 'ar_At porro sed id architecto a ex.', 'en-Nihil non quia natus doloremque.', 'en-Placeat illum voluptas rem rerum.', 'ar-Eum rem nulla distinctio iure. Voluptas eius distinctio est. Ut id dolorem voluptates omnis distinctio sint. Nam tenetur et aut vero quaerat totam. Fugiat sapiente tempore ducimus soluta.', 'en-Laborum voluptatem eaque aut sit rerum. Esse maiores nisi exercitationem deserunt consequatur maxime. Minima dolores possimus illum impedit assumenda hic eaque ut.', '1219.00', '1139.00', '7.00', 0, 'test.jpg', 0, 1, 1, 0, '2021-09-20', '2021-09-20', 11),
(272, '2021-09-20 12:57:58', '2021-09-20 12:57:58', NULL, 'ar_Reiciendis non ut accusamus.', 'en-Et eius eligendi ullam rerum.', 'en-Dicta ut vel enim error.', 'ar-Voluptates modi incidunt qui aliquid aut. Quis architecto voluptas dicta rerum debitis delectus. Quo nemo magnam veritatis harum alias. Esse alias assumenda maxime aperiam sit et eveniet.', 'en-Expedita quam ut fugit impedit deserunt id fugiat sit. Est voluptas qui et iure eligendi rerum qui. Modi voluptas a sed. Qui est vitae sed quibusdam libero quo quas.', '1026.00', '914.00', '11.00', 1, 'test.jpg', 0, 1, 0, 0, '2021-09-20', '2021-09-20', 5),
(273, '2021-09-20 12:57:58', '2021-09-20 12:57:58', NULL, 'ar_Ut quis odio et.', 'en-Voluptates velit esse et velit.', 'en-Et et sapiente officia culpa.', 'ar-Excepturi vel explicabo expedita dignissimos et. Temporibus dolor repudiandae eaque saepe qui laborum sit. In quis corrupti nesciunt aut qui. Recusandae soluta voluptas provident maiores nemo laudantium.', 'en-Distinctio voluptatem aut fuga ea. Ratione quisquam itaque delectus harum blanditiis porro eos amet. Sed cupiditate perspiciatis cum dolor vero repellendus. Officia ut doloribus optio dolores.', '1480.00', '1373.00', '7.00', 1, 'test.jpg', 0, 1, 1, 1, '2021-09-20', '2021-09-20', 2),
(274, '2021-09-20 12:57:58', '2021-09-20 12:57:58', NULL, 'ar_Voluptas labore in est illum.', 'en-Ea officiis nam id sed.', 'en-Nostrum id id recusandae.', 'ar-Temporibus voluptate aliquid rerum ut ea illum optio ad. Quo molestiae et labore numquam ipsum quidem sunt velit. Nulla voluptatem veniam id aperiam et repellendus.', 'en-Sequi voluptas possimus placeat deleniti. Vero voluptatem ipsam nam natus sint. Libero eius ut corporis ut suscipit. Quisquam provident quam ipsam ipsam.', '910.00', '791.00', '13.00', 1, 'test.jpg', 0, 0, 0, 1, '2021-09-20', '2021-09-21', 12),
(275, '2021-09-20 12:57:58', '2021-09-20 12:57:58', NULL, 'ar_Earum rem facilis ut aut.', 'en-Recusandae in quod fuga ut.', 'en-Ut porro vero hic explicabo.', 'ar-Rerum aut voluptas numquam. Ex suscipit dolorem dicta consequuntur ut. Non et sint dicta voluptate.', 'en-Magnam aspernatur fuga nam sint similique minima ut. Accusantium rerum est soluta odio iusto. Exercitationem eos omnis ut impedit voluptate repellendus doloribus. Adipisci nam delectus exercitationem.', '432.00', '344.00', '20.00', 0, 'test.jpg', 0, 1, 1, 1, '2021-09-20', '2021-09-21', 14),
(276, '2021-09-20 12:57:58', '2021-09-20 12:57:58', NULL, 'ar_Dolor optio in eum quasi in.', 'en-Est qui et laudantium.', 'en-Esse sit voluptatem est.', 'ar-Harum nesciunt et sed est. Quis quae ut suscipit maxime sed optio necessitatibus. Et hic iure facilis ullam at unde consectetur.', 'en-Voluptates ut voluptatum et illo expedita ut. Laudantium eum enim harum rerum et. Ut maxime ea quasi est ut magnam est. Quae beatae consequatur est aut voluptatibus accusantium.', '495.00', '386.00', '22.00', 0, 'test.jpg', 0, 1, 1, 1, '2021-09-20', '2021-09-20', 14),
(277, '2021-09-20 12:57:58', '2021-09-20 12:57:58', NULL, 'ar_Quam eius veniam autem fugit.', 'en-Laborum excepturi non ad nesciunt.', 'en-Nisi veniam dolorum enim.', 'ar-Repellat autem qui quia vero laudantium quo. Nihil molestias autem dolore nihil consequatur.', 'en-Laboriosam quia assumenda cupiditate ut et delectus. Ut tempore esse molestiae. Doloremque tenetur ex modi ut. Est id sit suscipit ullam eaque voluptatem ex dolore. Totam repellat autem ea qui at dolorem. Beatae ut nam qui temporibus minima.', '1479.00', '1340.00', '9.00', 1, 'test.jpg', 0, 0, 1, 1, '2021-09-20', '2021-09-20', 6),
(278, '2021-09-20 12:57:58', '2021-09-20 12:57:58', NULL, 'ar_Ipsam in quisquam ut unde in.', 'en-Vel a quos amet facilis est natus.', 'en-Eum nihil dolorem quos.', 'ar-Velit omnis animi molestiae voluptatem. Blanditiis aspernatur qui ipsa voluptatum. Quia illo veniam in labore et. Enim voluptas et deserunt perferendis id aut vel doloribus.', 'en-Facilis libero perspiciatis labore quas voluptate repellendus reprehenderit. Minus quam et nam recusandae perferendis quos possimus sed. Placeat assumenda repellendus ipsum et et voluptatum voluptatem. Qui sequi enim esse ex accusantium voluptatem.', '1105.00', '987.00', '11.00', 1, 'test.jpg', 0, 1, 1, 0, '2021-09-20', '2021-09-20', 0),
(279, '2021-09-20 12:57:58', '2021-09-20 12:57:58', NULL, 'ar_Corrupti et et vel amet sunt.', 'en-Dicta nostrum dolores nulla est.', 'en-Iure nobis itaque hic.', 'ar-Eaque saepe voluptas iste ratione odit vel. Aperiam ut molestiae quae incidunt sed. In et non sint. Et suscipit provident voluptates quo aut.', 'en-Corporis maiores soluta in. Explicabo error necessitatibus illum esse sit neque cum. Voluptatum tempore similique repudiandae autem. Doloremque iste qui ipsum magni.', '960.00', '878.00', '9.00', 0, 'test.jpg', 0, 0, 0, 1, '2021-09-20', '2021-09-21', 7),
(280, '2021-09-20 12:57:58', '2021-09-20 12:57:58', NULL, 'ar_Ut quo dolor eaque quasi quo est.', 'en-Sunt et atque sint.', 'en-Aliquid aut sit magni.', 'ar-Ullam consequuntur ut aut aut quasi rerum. Blanditiis totam ut debitis. Molestiae quasi quasi ducimus iusto quia autem possimus. Et modi neque dolorem est qui. Amet rerum at odio et velit beatae. Sed dolorem accusantium repellendus in quae.', 'en-Nulla sint optio ipsam placeat nihil. Aut rem totam assumenda soluta id maiores. Dignissimos eveniet odio sed similique sapiente sed. Expedita deleniti cupiditate provident delectus. Saepe dolorem sunt quis labore nesciunt dolore aut laboriosam.', '1356.00', '1234.00', '9.00', 0, 'test.jpg', 0, 1, 1, 0, '2021-09-20', '2021-09-21', 2),
(281, '2021-09-20 12:57:58', '2021-09-20 12:57:58', NULL, 'ar_Vero molestiae aut et voluptatum.', 'en-Illum sint ullam aut non sed qui.', 'en-Id iure iste quasi quasi ad.', 'ar-Quod a voluptatum quas non voluptatem unde culpa. Distinctio consequatur non architecto non iste voluptatum molestiae.', 'en-Dolor rerum repellat natus. Ad minus et eligendi quo odio hic qui eum. Sed molestiae alias provident consequatur.', '703.00', '629.00', '11.00', 0, 'test.jpg', 0, 0, 0, 0, '2021-09-20', '2021-09-20', 8),
(282, '2021-09-20 12:57:58', '2021-09-20 12:57:58', NULL, 'ar_Qui quidem et exercitationem iste.', 'en-Qui optio dolorem odit corrupti.', 'en-Optio ut magnam est consectetur.', 'ar-Modi reiciendis nisi nostrum unde corrupti consequatur. Illum quod vel sequi dolorem. Perspiciatis delectus consectetur aut quos qui recusandae.', 'en-Et at dolor consectetur corrupti eaque similique voluptatem quam. Nam hic cupiditate praesentium architecto qui facere. Quo unde perferendis quaerat consequatur totam.', '579.00', '457.00', '21.00', 0, 'test.jpg', 0, 1, 0, 0, '2021-09-20', '2021-09-21', 2),
(283, '2021-09-20 12:57:59', '2021-09-20 12:57:59', NULL, 'ar_Sunt ut illum eos.', 'en-Occaecati et ipsum voluptas.', 'en-Numquam quia architecto suscipit.', 'ar-Et minus impedit accusantium dolorum. Eius adipisci atque ipsam. Reprehenderit qui voluptate esse maiores dolores est. Voluptas magni excepturi tenetur voluptatem maiores. Incidunt quae dolorem dolorum molestias.', 'en-Saepe eligendi quia reprehenderit quia doloremque. Quisquam modi sit quod architecto. Architecto et eos vel id deleniti voluptate. Et debitis qui asperiores corporis aut eos.', '553.00', '473.00', '14.00', 1, 'test.jpg', 0, 1, 0, 0, '2021-09-20', '2021-09-20', 5),
(284, '2021-09-20 12:57:59', '2021-09-20 12:57:59', NULL, 'ar_Id aut modi eligendi dolor.', 'en-Hic natus sint rerum voluptas.', 'en-In porro occaecati ut hic dolorem.', 'ar-Illo molestias modi dolor dolorum maiores et. Cumque est et nostrum quisquam. Molestias odio eos id recusandae fugiat. Voluptatem nobis inventore reprehenderit cum.', 'en-Impedit est quibusdam quibusdam ipsa. Ipsum aut vel aut dignissimos. Sed ex sunt provident ut.', '954.00', '816.00', '14.00', 1, 'test.jpg', 0, 1, 1, 0, '2021-09-20', '2021-09-20', 4),
(285, '2021-09-20 12:57:59', '2021-09-20 12:57:59', NULL, 'ar_Eum sed ipsum libero animi.', 'en-Porro ipsam mollitia ad rerum.', 'en-Aut ex est neque id.', 'ar-Quibusdam itaque alias laborum praesentium animi beatae autem sint. Vitae doloribus nemo sed laborum. Quas dolores magni sit voluptatem. Repellendus minima ut voluptates qui quia.', 'en-Voluptas et sequi animi. Minima at labore non eum ab aspernatur. Modi enim quaerat et impedit. Accusantium beatae repellendus error a error.', '1373.00', '1278.00', '7.00', 1, 'test.jpg', 0, 0, 1, 1, '2021-09-20', '2021-09-21', 8),
(286, '2021-09-20 12:57:59', '2021-09-20 12:57:59', NULL, 'ar_Et at qui architecto id hic.', 'en-Optio rerum tenetur omnis.', 'en-Et qui sit in aut ut.', 'ar-Exercitationem atque ut possimus. Ut maxime ut enim at sed eligendi. Vel ut et est atque ut est. Omnis rerum saepe dolores aperiam. Illum veritatis quod non et non. Perspiciatis modi ut iste quae sequi quia labore.', 'en-Aut non cumque dolorum. Minus cumque autem quibusdam vel odio alias et. Autem nostrum veritatis ut culpa. Architecto ut et dolor eum in praesentium sit et.', '1146.00', '1013.00', '12.00', 1, 'test.jpg', 0, 1, 0, 0, '2021-09-20', '2021-09-20', 15),
(287, '2021-09-20 12:57:59', '2021-09-20 12:57:59', NULL, 'ar_At incidunt officiis autem.', 'en-Illum aliquam sit dignissimos.', 'en-Ut magni similique ratione minus.', 'ar-Ut blanditiis cupiditate omnis tempora ex eaque ut et. Qui fuga labore officiis occaecati dolorum. Animi ex quo sit delectus est autem itaque commodi.', 'en-Dolores molestiae exercitationem eos ab odit quo qui. Facilis molestias voluptatem aspernatur quia dolorem necessitatibus consequuntur. Enim non blanditiis molestiae sunt incidunt molestias.', '1199.00', '1052.00', '12.00', 1, 'test.jpg', 0, 0, 1, 1, '2021-09-20', '2021-09-20', 0),
(288, '2021-09-20 12:57:59', '2021-09-20 12:57:59', NULL, 'ar_Quia inventore blanditiis et quas.', 'en-Id ut alias mollitia ipsum.', 'en-Vel quaerat ut debitis facere.', 'ar-Porro molestias nam quaerat. Perferendis aliquid incidunt quia nesciunt reiciendis ea a. Iusto aut autem sunt aut excepturi blanditiis ad.', 'en-Sapiente sapiente iure nemo voluptatem facilis dignissimos. Rem cupiditate quasi nemo dolorem voluptas nemo laudantium. Consequatur voluptas dolorum recusandae eos autem velit ducimus qui.', '612.00', '475.00', '22.00', 1, 'test.jpg', 0, 0, 0, 0, '2021-09-20', '2021-09-20', 8),
(289, '2021-09-20 12:57:59', '2021-09-20 12:57:59', NULL, 'ar_Fuga quis ex architecto autem.', 'en-Ab explicabo sed odit nemo ut non.', 'en-Sapiente et et est suscipit ex.', 'ar-Alias illo dolore non maxime nesciunt quae ratione. Omnis neque sed nisi repellat ad omnis adipisci. Est temporibus architecto veniam dolore. Magnam harum praesentium vel. Sed fugit et aut est velit.', 'en-Aliquid consequatur aliquid quia repellendus placeat nihil id. Cumque reiciendis asperiores aut dolores soluta incidunt distinctio. Ipsum quibusdam possimus ut ea dolor qui aut. Dolor maxime culpa et aut error dolorum et quia.', '1223.00', '1085.00', '11.00', 0, 'test.jpg', 0, 0, 1, 0, '2021-09-20', '2021-09-21', 6),
(290, '2021-09-20 12:57:59', '2021-09-20 12:57:59', NULL, 'ar_Rem quia quia nostrum et odit.', 'en-Et in minus dolores iusto dolor.', 'en-Aperiam et cumque optio ut est.', 'ar-Neque labore distinctio nihil cupiditate omnis placeat. Dolorem quisquam et magnam veniam dolor ut. Temporibus est nam optio reiciendis.', 'en-Est est aspernatur et rerum asperiores autem voluptatem. Itaque molestiae voluptas officiis et facilis rem laboriosam error. Dicta ut voluptas et inventore voluptatem voluptatum ullam nihil. Saepe temporibus voluptas similique autem.', '1484.00', '1354.00', '9.00', 0, 'test.jpg', 0, 0, 1, 0, '2021-09-20', '2021-09-20', 14),
(291, '2021-09-20 12:57:59', '2021-09-20 12:57:59', NULL, 'ar_Illo ab placeat tenetur aperiam.', 'en-Quam vitae qui eum debitis.', 'en-Facere dignissimos dolor officia.', 'ar-Rerum quia facere ullam sit quod. Doloribus facilis veritatis quia iste quae voluptates doloribus. Consequatur totam sit distinctio consequatur magnam.', 'en-Eum qui aut eius soluta magnam odit optio eius. Sapiente impedit ex temporibus illo. Dolores sit eos officia distinctio et. Doloribus voluptatem ducimus nisi qui dolor corrupti tempore.', '420.00', '306.00', '27.00', 0, 'test.jpg', 0, 0, 0, 1, '2021-09-20', '2021-09-21', 12),
(292, '2021-09-20 12:57:59', '2021-09-20 12:57:59', NULL, 'ar_Eaque dolorem cum quia culpa.', 'en-Aut sed aut cumque odit iste.', 'en-Sit qui aliquam impedit aut.', 'ar-Omnis praesentium maxime nemo temporibus repellat. Ea vel qui consequatur est voluptatem. Excepturi dolores distinctio quia molestiae sequi reiciendis.', 'en-Asperiores sed est ut sed et et aut. Magni ex in ducimus voluptatem tenetur provident vero ex. Hic et libero occaecati quam voluptas assumenda quas.', '1120.00', '1032.00', '8.00', 0, 'test.jpg', 0, 0, 0, 0, '2021-09-20', '2021-09-21', 11),
(293, '2021-09-20 12:57:59', '2021-09-20 12:57:59', NULL, 'ar_Laborum vel quasi molestiae ipsa.', 'en-Quos mollitia voluptate dolor et.', 'en-In ea optio dolor quia tempora.', 'ar-Et cupiditate voluptatem voluptas qui. Sed nulla maxime animi. Esse culpa minima similique aut. Quod et fugiat possimus sunt minima et ullam. Nulla soluta aliquam sit delectus. Illum et eos molestias ducimus corporis tenetur eum.', 'en-Perspiciatis pariatur omnis ea possimus rerum autem fugit. Aut amet ea similique et quas ad. Omnis voluptatem quia esse libero quia impedit. Deserunt ab nesciunt porro non ex maxime. Aut laudantium rerum corrupti veniam odio sed voluptatibus.', '571.00', '490.00', '14.00', 0, 'test.jpg', 0, 0, 1, 1, '2021-09-20', '2021-09-21', 10),
(294, '2021-09-20 12:57:59', '2021-09-20 12:57:59', NULL, 'ar_Sit assumenda a enim qui omnis.', 'en-Voluptate adipisci qui at qui.', 'en-Velit aut voluptatem molestias.', 'ar-Corrupti perspiciatis odio ut sint in non aut ipsa. Sequi nostrum quibusdam provident rem. Ipsam necessitatibus itaque quia architecto.', 'en-Laudantium aut ut voluptas possimus et dignissimos. Excepturi iure repellendus iste ut rerum earum minima. Quo ratione non deserunt. Maiores voluptas aspernatur qui minima. Quam rem nam repellat. Minus consequatur optio voluptatum consequuntur.', '673.00', '578.00', '14.00', 0, 'test.jpg', 0, 1, 0, 1, '2021-09-20', '2021-09-21', 7),
(295, '2021-09-20 12:57:59', '2021-09-20 12:57:59', NULL, 'ar_Et reiciendis quia vitae ipsam.', 'en-Beatae eligendi qui iste.', 'en-Et id sint necessitatibus nostrum.', 'ar-Aut sed dolor quia. Quod modi minima quia numquam. Ut mollitia nobis consequatur amet repudiandae.', 'en-Et excepturi iste velit fugiat molestiae officiis praesentium. Neque natus voluptatum praesentium ut nostrum asperiores. Aliquam deleniti nisi deleniti itaque aspernatur quis.', '404.00', '295.00', '27.00', 0, 'test.jpg', 0, 0, 0, 1, '2021-09-20', '2021-09-21', 11),
(296, '2021-09-20 12:57:59', '2021-09-20 12:57:59', NULL, 'ar_Sit nihil repellat qui eaque.', 'en-In quo eos officia nobis aut.', 'en-Maiores qui molestias repellat.', 'ar-Temporibus ipsum excepturi quis cumque accusantium voluptatem nemo. Architecto rem ea ipsa ipsam quidem. Voluptatem omnis dolorem voluptatum earum rerum qui. Facilis sequi eum commodi sint sint.', 'en-At ipsum facilis eveniet ut officiis ipsum. Quis exercitationem nulla alias possimus occaecati velit dolorem expedita. Ut omnis nulla dolorem porro omnis.', '448.00', '329.00', '27.00', 1, 'test.jpg', 0, 1, 1, 1, '2021-09-20', '2021-09-21', 12),
(297, '2021-09-20 12:57:59', '2021-09-20 12:57:59', NULL, 'ar_Ut quo maiores vel quia.', 'en-Rem quia quia cumque consequatur.', 'en-Autem omnis reprehenderit tempora.', 'ar-Veniam aut rerum quis necessitatibus nobis. Recusandae fugiat ut velit sed est. Rerum molestiae tenetur illum consequatur provident veniam sint vel. Ut consequatur ipsum qui cumque aut placeat maxime.', 'en-In itaque consequuntur occaecati dolore omnis quis neque. Voluptate alias voluptatum qui laborum. Ut repellat voluptas veniam accusantium sed vitae. Cumque sit tempore qui. Aliquam et consequatur qui repellat. Quasi fugit laborum ab deleniti.', '538.00', '466.00', '13.00', 0, 'test.jpg', 0, 1, 0, 0, '2021-09-20', '2021-09-21', 3),
(298, '2021-09-20 12:57:59', '2021-09-20 12:57:59', NULL, 'ar_Dolores quod ut dicta saepe.', 'en-Nisi autem dicta minima est aut.', 'en-Ipsam neque autem sed.', 'ar-Aliquid illum debitis perspiciatis qui natus. Explicabo dolores iure deserunt. Impedit dolore ullam ut odit. Qui provident quia quasi voluptatem et laudantium aut. Deserunt dolores et possimus. Consequatur quia suscipit expedita ipsam.', 'en-Molestiae nemo ea omnis commodi earum nesciunt dolores. Et distinctio veniam fugit qui quos. Fuga eos consectetur explicabo dolores aut tempore.', '581.00', '456.00', '22.00', 0, 'test.jpg', 0, 0, 0, 0, '2021-09-20', '2021-09-21', 11),
(299, '2021-09-20 12:57:59', '2021-09-20 12:57:59', NULL, 'ar_Quo voluptas animi eius.', 'en-Ipsa aut itaque quis cumque.', 'en-Ut odio ipsam minus velit et.', 'ar-Commodi molestias sit voluptatem voluptates cupiditate nemo. Quibusdam fugiat culpa ea quos. Est facilis voluptate est. Qui sapiente sint aut in veritatis.', 'en-Quidem qui quam commodi vero. Praesentium qui asperiores voluptatem. Ducimus sed pariatur ab sunt reprehenderit rerum. Quasi in iste laboriosam voluptas et. Sit facere voluptatem numquam.', '689.00', '593.00', '14.00', 1, 'test.jpg', 0, 0, 0, 0, '2021-09-20', '2021-09-20', 4),
(300, '2021-09-20 12:57:59', '2021-09-20 12:57:59', NULL, 'ar_Et delectus est molestiae.', 'en-Sunt ea nihil id laboriosam.', 'en-Veniam commodi qui sint est qui.', 'ar-Nisi fuga laudantium molestiae illum qui nobis. Neque numquam atque vitae aut illum voluptate provident sequi. At non voluptatem excepturi dolorem.', 'en-Autem qui sit sapiente nihil. Voluptas sed nam alias labore accusamus voluptas aliquid veritatis. Eaque sint voluptatibus sed sequi alias et. Nihil quia dolorem quasi magnam non perspiciatis.', '1169.00', '1047.00', '10.00', 1, 'test.jpg', 0, 0, 0, 1, '2021-09-20', '2021-09-21', 6);

-- --------------------------------------------------------

--
-- بنية الجدول `product_category`
--

CREATE TABLE `product_category` (
  `id` bigint(20) UNSIGNED NOT NULL,
  `product_id` bigint(20) UNSIGNED NOT NULL,
  `category_id` bigint(20) UNSIGNED NOT NULL,
  `created_at` timestamp NULL DEFAULT NULL,
  `updated_at` timestamp NULL DEFAULT NULL
) ENGINE=InnoDB DEFAULT CHARSET=utf8mb4 COLLATE=utf8mb4_unicode_ci;

--
-- إرجاع أو استيراد بيانات الجدول `product_category`
--

INSERT INTO `product_category` (`id`, `product_id`, `category_id`, `created_at`, `updated_at`) VALUES
(1, 1, 10, NULL, NULL),
(2, 2, 2, NULL, NULL),
(3, 3, 12, NULL, NULL),
(4, 4, 5, NULL, NULL),
(5, 5, 11, NULL, NULL),
(6, 6, 5, NULL, NULL),
(8, 1, 1, NULL, NULL),
(9, 2, 3, NULL, NULL),
(10, 3, 12, NULL, NULL),
(11, 4, 5, NULL, NULL),
(12, 5, 4, NULL, NULL),
(13, 6, 1, NULL, NULL),
(14, 7, 14, NULL, NULL),
(15, 8, 8, NULL, NULL),
(16, 9, 5, NULL, NULL),
(17, 10, 6, NULL, NULL),
(18, 11, 7, NULL, NULL),
(19, 12, 1, NULL, NULL),
(20, 13, 5, NULL, NULL),
(21, 14, 13, NULL, NULL),
(22, 15, 9, NULL, NULL),
(23, 16, 13, NULL, NULL),
(24, 17, 8, NULL, NULL),
(25, 18, 12, NULL, NULL),
(26, 19, 1, NULL, NULL),
(27, 20, 14, NULL, NULL),
(28, 21, 5, NULL, NULL),
(29, 22, 11, NULL, NULL),
(30, 23, 8, NULL, NULL),
(31, 24, 3, NULL, NULL),
(32, 25, 2, NULL, NULL),
(33, 26, 9, NULL, NULL),
(34, 27, 10, NULL, NULL),
(35, 28, 4, NULL, NULL),
(36, 29, 1, NULL, NULL),
(37, 30, 3, NULL, NULL),
(38, 31, 12, NULL, NULL),
(39, 32, 9, NULL, NULL),
(40, 33, 5, NULL, NULL),
(41, 34, 12, NULL, NULL),
(42, 35, 10, NULL, NULL),
(43, 36, 14, NULL, NULL),
(44, 37, 5, NULL, NULL),
(45, 38, 10, NULL, NULL),
(46, 39, 5, NULL, NULL),
(47, 40, 1, NULL, NULL),
(48, 41, 13, NULL, NULL),
(49, 42, 2, NULL, NULL),
(50, 43, 2, NULL, NULL),
(51, 44, 6, NULL, NULL),
(52, 45, 10, NULL, NULL),
(53, 46, 11, NULL, NULL),
(54, 47, 5, NULL, NULL),
(55, 48, 7, NULL, NULL),
(56, 49, 6, NULL, NULL),
(57, 50, 1, NULL, NULL),
(58, 51, 3, NULL, NULL),
(59, 52, 6, NULL, NULL),
(60, 53, 9, NULL, NULL),
(61, 54, 2, NULL, NULL),
(62, 55, 3, NULL, NULL),
(63, 56, 14, NULL, NULL),
(64, 57, 3, NULL, NULL),
(65, 58, 14, NULL, NULL),
(66, 59, 14, NULL, NULL),
(67, 60, 13, NULL, NULL),
(68, 61, 8, NULL, NULL),
(69, 62, 1, NULL, NULL),
(70, 63, 2, NULL, NULL),
(71, 64, 1, NULL, NULL),
(72, 65, 9, NULL, NULL),
(73, 66, 8, NULL, NULL),
(74, 67, 3, NULL, NULL),
(75, 68, 9, NULL, NULL),
(76, 69, 7, NULL, NULL),
(77, 70, 13, NULL, NULL),
(78, 71, 8, NULL, NULL),
(79, 72, 3, NULL, NULL),
(80, 73, 6, NULL, NULL),
(81, 74, 7, NULL, NULL),
(82, 75, 1, NULL, NULL),
(83, 76, 5, NULL, NULL),
(84, 77, 12, NULL, NULL),
(85, 78, 3, NULL, NULL),
(86, 79, 12, NULL, NULL),
(87, 80, 14, NULL, NULL),
(88, 81, 10, NULL, NULL),
(89, 82, 5, NULL, NULL),
(90, 83, 1, NULL, NULL),
(91, 84, 3, NULL, NULL),
(92, 85, 11, NULL, NULL),
(93, 86, 12, NULL, NULL),
(94, 87, 12, NULL, NULL),
(95, 88, 13, NULL, NULL),
(96, 89, 1, NULL, NULL),
(97, 90, 11, NULL, NULL),
(98, 91, 1, NULL, NULL),
(99, 92, 9, NULL, NULL),
(100, 93, 7, NULL, NULL),
(101, 94, 12, NULL, NULL),
(102, 95, 6, NULL, NULL),
(103, 96, 10, NULL, NULL),
(104, 97, 7, NULL, NULL),
(105, 98, 13, NULL, NULL),
(106, 99, 1, NULL, NULL),
(107, 100, 1, NULL, NULL),
(108, 101, 7, NULL, NULL),
(109, 102, 3, NULL, NULL),
(110, 103, 11, NULL, NULL),
(111, 104, 1, NULL, NULL),
(112, 105, 13, NULL, NULL),
(113, 106, 7, NULL, NULL),
(114, 107, 12, NULL, NULL),
(115, 108, 2, NULL, NULL),
(116, 109, 12, NULL, NULL),
(117, 110, 12, NULL, NULL),
(118, 111, 11, NULL, NULL),
(119, 112, 2, NULL, NULL),
(120, 113, 6, NULL, NULL),
(121, 114, 7, NULL, NULL),
(122, 115, 9, NULL, NULL),
(123, 116, 5, NULL, NULL),
(124, 117, 13, NULL, NULL),
(125, 118, 7, NULL, NULL),
(126, 119, 3, NULL, NULL),
(127, 120, 8, NULL, NULL),
(128, 121, 14, NULL, NULL),
(129, 122, 9, NULL, NULL),
(130, 123, 13, NULL, NULL),
(131, 124, 1, NULL, NULL),
(132, 125, 4, NULL, NULL),
(133, 126, 2, NULL, NULL),
(134, 127, 10, NULL, NULL),
(135, 128, 3, NULL, NULL),
(136, 129, 2, NULL, NULL),
(137, 130, 13, NULL, NULL),
(138, 131, 6, NULL, NULL),
(139, 132, 7, NULL, NULL),
(140, 133, 1, NULL, NULL),
(141, 134, 8, NULL, NULL),
(142, 135, 11, NULL, NULL),
(143, 136, 1, NULL, NULL),
(144, 137, 12, NULL, NULL),
(145, 138, 7, NULL, NULL),
(146, 139, 10, NULL, NULL),
(147, 140, 6, NULL, NULL),
(148, 141, 13, NULL, NULL),
(149, 142, 2, NULL, NULL),
(150, 143, 3, NULL, NULL),
(151, 144, 7, NULL, NULL),
(152, 145, 5, NULL, NULL),
(153, 146, 3, NULL, NULL),
(154, 147, 13, NULL, NULL),
(155, 148, 7, NULL, NULL),
(156, 149, 8, NULL, NULL),
(157, 150, 3, NULL, NULL),
(158, 151, 3, NULL, NULL),
(159, 152, 6, NULL, NULL),
(160, 153, 7, NULL, NULL),
(161, 154, 7, NULL, NULL),
(162, 155, 7, NULL, NULL),
(163, 156, 9, NULL, NULL),
(164, 157, 11, NULL, NULL),
(165, 158, 8, NULL, NULL),
(166, 159, 8, NULL, NULL),
(167, 160, 13, NULL, NULL),
(168, 161, 13, NULL, NULL),
(169, 162, 13, NULL, NULL),
(170, 163, 11, NULL, NULL),
(171, 164, 4, NULL, NULL),
(172, 165, 5, NULL, NULL),
(173, 166, 7, NULL, NULL),
(174, 167, 4, NULL, NULL),
(175, 168, 14, NULL, NULL),
(176, 169, 3, NULL, NULL),
(177, 170, 10, NULL, NULL),
(178, 171, 13, NULL, NULL),
(179, 172, 11, NULL, NULL),
(180, 173, 13, NULL, NULL),
(181, 174, 2, NULL, NULL),
(182, 175, 4, NULL, NULL),
(183, 176, 9, NULL, NULL),
(184, 177, 6, NULL, NULL),
(185, 178, 7, NULL, NULL),
(186, 179, 4, NULL, NULL),
(187, 180, 14, NULL, NULL),
(188, 181, 4, NULL, NULL),
(189, 182, 9, NULL, NULL),
(190, 183, 4, NULL, NULL),
(191, 184, 12, NULL, NULL),
(192, 185, 14, NULL, NULL),
(193, 186, 3, NULL, NULL),
(194, 187, 7, NULL, NULL),
(195, 188, 13, NULL, NULL),
(196, 189, 11, NULL, NULL),
(197, 190, 2, NULL, NULL),
(198, 191, 14, NULL, NULL),
(199, 192, 14, NULL, NULL),
(200, 193, 1, NULL, NULL),
(201, 194, 1, NULL, NULL),
(202, 195, 5, NULL, NULL),
(203, 196, 4, NULL, NULL),
(204, 197, 4, NULL, NULL),
(205, 198, 3, NULL, NULL),
(206, 199, 1, NULL, NULL),
(207, 200, 1, NULL, NULL),
(208, 1, 11, NULL, NULL),
(209, 2, 12, NULL, NULL),
(210, 3, 13, NULL, NULL),
(211, 4, 13, NULL, NULL),
(212, 5, 6, NULL, NULL),
(213, 6, 9, NULL, NULL),
(214, 7, 10, NULL, NULL),
(215, 8, 13, NULL, NULL),
(216, 9, 8, NULL, NULL),
(217, 10, 6, NULL, NULL),
(218, 11, 7, NULL, NULL),
(219, 12, 12, NULL, NULL),
(220, 13, 2, NULL, NULL),
(221, 14, 4, NULL, NULL),
(222, 15, 5, NULL, NULL),
(223, 16, 2, NULL, NULL),
(224, 17, 13, NULL, NULL),
(225, 18, 4, NULL, NULL),
(226, 19, 5, NULL, NULL),
(227, 20, 2, NULL, NULL),
(228, 21, 4, NULL, NULL),
(229, 22, 14, NULL, NULL),
(230, 23, 13, NULL, NULL),
(231, 24, 1, NULL, NULL),
(232, 25, 9, NULL, NULL),
(233, 26, 2, NULL, NULL),
(234, 27, 12, NULL, NULL),
(235, 28, 9, NULL, NULL),
(236, 29, 4, NULL, NULL),
(237, 30, 4, NULL, NULL),
(238, 31, 6, NULL, NULL),
(239, 32, 7, NULL, NULL),
(240, 33, 9, NULL, NULL),
(241, 34, 12, NULL, NULL),
(242, 35, 8, NULL, NULL),
(243, 36, 12, NULL, NULL),
(244, 37, 13, NULL, NULL),
(245, 38, 4, NULL, NULL),
(246, 39, 8, NULL, NULL),
(247, 40, 13, NULL, NULL),
(248, 41, 6, NULL, NULL),
(249, 42, 14, NULL, NULL),
(250, 43, 12, NULL, NULL),
(251, 44, 9, NULL, NULL),
(252, 45, 2, NULL, NULL),
(253, 46, 3, NULL, NULL),
(254, 47, 2, NULL, NULL),
(255, 48, 1, NULL, NULL),
(256, 49, 7, NULL, NULL),
(257, 50, 8, NULL, NULL),
(258, 51, 2, NULL, NULL),
(259, 52, 14, NULL, NULL),
(260, 53, 12, NULL, NULL),
(261, 54, 4, NULL, NULL),
(262, 55, 10, NULL, NULL),
(263, 56, 2, NULL, NULL),
(264, 57, 7, NULL, NULL),
(265, 58, 12, NULL, NULL),
(266, 59, 8, NULL, NULL),
(267, 60, 7, NULL, NULL),
(268, 61, 5, NULL, NULL),
(269, 62, 3, NULL, NULL),
(270, 63, 14, NULL, NULL),
(271, 64, 11, NULL, NULL),
(272, 65, 13, NULL, NULL),
(273, 66, 5, NULL, NULL),
(274, 67, 11, NULL, NULL),
(275, 68, 4, NULL, NULL),
(276, 69, 13, NULL, NULL),
(277, 70, 10, NULL, NULL),
(278, 71, 12, NULL, NULL),
(279, 72, 3, NULL, NULL),
(280, 73, 3, NULL, NULL),
(281, 74, 11, NULL, NULL),
(282, 75, 8, NULL, NULL),
(283, 76, 13, NULL, NULL),
(284, 77, 13, NULL, NULL),
(285, 78, 7, NULL, NULL),
(286, 79, 2, NULL, NULL),
(287, 80, 14, NULL, NULL),
(288, 81, 7, NULL, NULL),
(289, 82, 5, NULL, NULL),
(290, 83, 4, NULL, NULL),
(291, 84, 8, NULL, NULL),
(292, 85, 4, NULL, NULL),
(293, 86, 13, NULL, NULL),
(294, 87, 3, NULL, NULL),
(295, 88, 14, NULL, NULL),
(296, 89, 3, NULL, NULL),
(297, 90, 1, NULL, NULL),
(298, 91, 4, NULL, NULL),
(299, 92, 10, NULL, NULL),
(300, 93, 4, NULL, NULL),
(301, 94, 2, NULL, NULL),
(302, 95, 2, NULL, NULL),
(303, 96, 7, NULL, NULL),
(304, 97, 11, NULL, NULL),
(305, 98, 6, NULL, NULL),
(306, 99, 7, NULL, NULL),
(307, 100, 12, NULL, NULL),
(308, 101, 7, NULL, NULL),
(309, 102, 7, NULL, NULL),
(310, 103, 10, NULL, NULL),
(311, 104, 5, NULL, NULL),
(312, 105, 6, NULL, NULL),
(313, 106, 3, NULL, NULL),
(314, 107, 14, NULL, NULL),
(315, 108, 4, NULL, NULL),
(316, 109, 7, NULL, NULL),
(317, 110, 7, NULL, NULL),
(318, 111, 4, NULL, NULL),
(319, 112, 9, NULL, NULL),
(320, 113, 4, NULL, NULL),
(321, 114, 9, NULL, NULL),
(322, 115, 3, NULL, NULL),
(323, 116, 9, NULL, NULL),
(324, 117, 6, NULL, NULL),
(325, 118, 7, NULL, NULL),
(326, 119, 14, NULL, NULL),
(327, 120, 4, NULL, NULL),
(328, 121, 3, NULL, NULL),
(329, 122, 12, NULL, NULL),
(330, 123, 10, NULL, NULL),
(331, 124, 9, NULL, NULL),
(332, 125, 5, NULL, NULL),
(333, 126, 2, NULL, NULL),
(334, 127, 5, NULL, NULL),
(335, 128, 4, NULL, NULL),
(336, 129, 5, NULL, NULL),
(337, 130, 3, NULL, NULL),
(338, 131, 13, NULL, NULL),
(339, 132, 6, NULL, NULL),
(340, 133, 13, NULL, NULL),
(341, 134, 14, NULL, NULL),
(342, 135, 5, NULL, NULL),
(343, 136, 13, NULL, NULL),
(344, 137, 11, NULL, NULL),
(345, 138, 6, NULL, NULL),
(346, 139, 5, NULL, NULL),
(347, 140, 5, NULL, NULL),
(348, 141, 2, NULL, NULL),
(349, 142, 11, NULL, NULL),
(350, 143, 13, NULL, NULL),
(351, 144, 3, NULL, NULL),
(352, 145, 10, NULL, NULL),
(353, 146, 9, NULL, NULL),
(354, 147, 9, NULL, NULL),
(355, 148, 9, NULL, NULL),
(356, 149, 7, NULL, NULL),
(357, 150, 11, NULL, NULL),
(358, 151, 7, NULL, NULL),
(359, 152, 13, NULL, NULL),
(360, 153, 6, NULL, NULL),
(361, 154, 4, NULL, NULL),
(362, 155, 12, NULL, NULL),
(363, 156, 10, NULL, NULL),
(364, 157, 3, NULL, NULL),
(365, 158, 5, NULL, NULL),
(366, 159, 4, NULL, NULL),
(367, 160, 1, NULL, NULL),
(368, 161, 4, NULL, NULL),
(369, 162, 13, NULL, NULL),
(370, 163, 2, NULL, NULL),
(371, 164, 4, NULL, NULL),
(372, 165, 9, NULL, NULL),
(373, 166, 8, NULL, NULL),
(374, 167, 12, NULL, NULL),
(375, 168, 3, NULL, NULL),
(376, 169, 8, NULL, NULL),
(377, 170, 13, NULL, NULL),
(378, 171, 10, NULL, NULL),
(379, 172, 6, NULL, NULL),
(380, 173, 11, NULL, NULL),
(381, 174, 10, NULL, NULL),
(382, 175, 2, NULL, NULL),
(383, 176, 13, NULL, NULL),
(384, 177, 3, NULL, NULL),
(385, 178, 14, NULL, NULL),
(386, 179, 11, NULL, NULL),
(387, 180, 13, NULL, NULL),
(388, 181, 5, NULL, NULL),
(389, 182, 7, NULL, NULL),
(390, 183, 9, NULL, NULL),
(391, 184, 13, NULL, NULL),
(392, 185, 6, NULL, NULL),
(393, 186, 13, NULL, NULL),
(394, 187, 7, NULL, NULL),
(395, 188, 9, NULL, NULL),
(396, 189, 3, NULL, NULL),
(397, 190, 12, NULL, NULL),
(398, 191, 12, NULL, NULL),
(399, 192, 1, NULL, NULL),
(400, 193, 7, NULL, NULL),
(401, 194, 1, NULL, NULL),
(402, 195, 3, NULL, NULL),
(403, 196, 9, NULL, NULL),
(404, 197, 8, NULL, NULL),
(405, 198, 9, NULL, NULL),
(406, 199, 12, NULL, NULL),
(407, 200, 11, NULL, NULL),
(408, 201, 3, NULL, NULL),
(409, 202, 12, NULL, NULL),
(410, 203, 4, NULL, NULL),
(411, 204, 13, NULL, NULL),
(412, 205, 1, NULL, NULL),
(413, 206, 8, NULL, NULL),
(414, 207, 8, NULL, NULL),
(415, 208, 14, NULL, NULL),
(416, 209, 11, NULL, NULL),
(417, 210, 10, NULL, NULL),
(418, 211, 7, NULL, NULL),
(419, 212, 5, NULL, NULL),
(420, 213, 3, NULL, NULL),
(421, 214, 10, NULL, NULL),
(422, 215, 10, NULL, NULL),
(423, 216, 6, NULL, NULL),
(424, 217, 9, NULL, NULL),
(425, 218, 9, NULL, NULL),
(426, 219, 8, NULL, NULL),
(427, 220, 10, NULL, NULL),
(428, 221, 8, NULL, NULL),
(429, 222, 7, NULL, NULL),
(430, 223, 14, NULL, NULL),
(431, 224, 9, NULL, NULL),
(432, 225, 12, NULL, NULL),
(433, 226, 6, NULL, NULL),
(434, 227, 7, NULL, NULL),
(435, 228, 8, NULL, NULL),
(436, 229, 4, NULL, NULL),
(437, 230, 11, NULL, NULL),
(438, 231, 7, NULL, NULL),
(439, 232, 2, NULL, NULL),
(440, 233, 13, NULL, NULL),
(441, 234, 1, NULL, NULL),
(442, 235, 2, NULL, NULL),
(443, 236, 12, NULL, NULL),
(444, 237, 13, NULL, NULL),
(445, 238, 7, NULL, NULL),
(446, 239, 9, NULL, NULL),
(447, 240, 2, NULL, NULL),
(448, 241, 12, NULL, NULL),
(449, 242, 13, NULL, NULL),
(450, 243, 11, NULL, NULL),
(451, 244, 11, NULL, NULL),
(452, 245, 1, NULL, NULL),
(453, 246, 9, NULL, NULL),
(454, 247, 5, NULL, NULL),
(455, 248, 6, NULL, NULL),
(456, 249, 1, NULL, NULL),
(457, 250, 2, NULL, NULL),
(458, 251, 11, NULL, NULL),
(459, 252, 9, NULL, NULL),
(460, 253, 1, NULL, NULL),
(461, 254, 12, NULL, NULL),
(462, 255, 6, NULL, NULL),
(463, 256, 4, NULL, NULL),
(464, 257, 5, NULL, NULL),
(465, 258, 12, NULL, NULL),
(466, 259, 5, NULL, NULL),
(467, 260, 2, NULL, NULL),
(468, 261, 7, NULL, NULL),
(469, 262, 10, NULL, NULL),
(470, 263, 8, NULL, NULL),
(471, 264, 3, NULL, NULL),
(472, 265, 13, NULL, NULL),
(473, 266, 1, NULL, NULL),
(474, 267, 1, NULL, NULL),
(475, 268, 6, NULL, NULL),
(476, 269, 2, NULL, NULL),
(477, 270, 4, NULL, NULL),
(478, 271, 4, NULL, NULL),
(479, 272, 9, NULL, NULL),
(480, 273, 6, NULL, NULL),
(481, 274, 12, NULL, NULL),
(482, 275, 9, NULL, NULL),
(483, 276, 9, NULL, NULL),
(484, 277, 7, NULL, NULL),
(485, 278, 5, NULL, NULL),
(486, 279, 12, NULL, NULL),
(487, 280, 9, NULL, NULL),
(488, 281, 13, NULL, NULL),
(489, 282, 2, NULL, NULL),
(490, 283, 2, NULL, NULL),
(491, 284, 10, NULL, NULL),
(492, 285, 13, NULL, NULL),
(493, 286, 3, NULL, NULL),
(494, 287, 13, NULL, NULL),
(495, 288, 2, NULL, NULL),
(496, 289, 3, NULL, NULL),
(497, 290, 2, NULL, NULL),
(498, 291, 14, NULL, NULL),
(499, 292, 6, NULL, NULL),
(500, 293, 14, NULL, NULL),
(501, 294, 12, NULL, NULL),
(502, 295, 9, NULL, NULL),
(503, 296, 1, NULL, NULL),
(504, 297, 11, NULL, NULL),
(505, 298, 13, NULL, NULL),
(506, 299, 13, NULL, NULL),
(507, 300, 4, NULL, NULL),
(508, 1, 11, NULL, NULL),
(509, 2, 7, NULL, NULL),
(510, 3, 4, NULL, NULL),
(511, 4, 8, NULL, NULL),
(512, 5, 8, NULL, NULL),
(513, 6, 2, NULL, NULL),
(514, 7, 4, NULL, NULL),
(515, 8, 9, NULL, NULL),
(516, 9, 12, NULL, NULL),
(517, 10, 2, NULL, NULL),
(518, 11, 7, NULL, NULL),
(519, 12, 4, NULL, NULL),
(520, 13, 12, NULL, NULL),
(521, 14, 12, NULL, NULL),
(522, 15, 8, NULL, NULL),
(523, 16, 6, NULL, NULL),
(524, 17, 8, NULL, NULL),
(525, 18, 3, NULL, NULL),
(526, 19, 10, NULL, NULL),
(527, 20, 10, NULL, NULL),
(528, 21, 11, NULL, NULL),
(529, 22, 13, NULL, NULL),
(530, 23, 5, NULL, NULL),
(531, 24, 13, NULL, NULL),
(532, 25, 10, NULL, NULL),
(533, 26, 8, NULL, NULL),
(534, 27, 6, NULL, NULL),
(535, 28, 5, NULL, NULL);

-- --------------------------------------------------------

--
-- بنية الجدول `product_images`
--

CREATE TABLE `product_images` (
  `id` bigint(20) UNSIGNED NOT NULL,
  `img` varchar(100) COLLATE utf8mb4_unicode_ci NOT NULL,
  `created_at` timestamp NULL DEFAULT NULL,
  `updated_at` timestamp NULL DEFAULT NULL,
  `deleted_at` timestamp NULL DEFAULT NULL,
  `product_id` bigint(20) UNSIGNED NOT NULL
) ENGINE=InnoDB DEFAULT CHARSET=utf8mb4 COLLATE=utf8mb4_unicode_ci;

--
-- إرجاع أو استيراد بيانات الجدول `product_images`
--

INSERT INTO `product_images` (`id`, `img`, `created_at`, `updated_at`, `deleted_at`, `product_id`) VALUES
(1, 'test.jpg', '2021-09-20 10:25:10', '2021-09-20 10:25:10', NULL, 197),
(2, 'test.jpg', '2021-09-20 10:26:01', '2021-09-20 10:26:01', NULL, 82),
(3, 'test.jpg', '2021-09-20 10:26:01', '2021-09-20 10:26:01', NULL, 139),
(4, 'test.jpg', '2021-09-20 10:26:01', '2021-09-20 10:26:01', NULL, 86),
(5, 'test.jpg', '2021-09-20 10:26:01', '2021-09-20 10:26:01', NULL, 31),
(6, 'test.jpg', '2021-09-20 10:26:01', '2021-09-20 10:26:01', NULL, 113),
(7, 'test.jpg', '2021-09-20 10:26:01', '2021-09-20 10:26:01', NULL, 163),
(8, 'test.jpg', '2021-09-20 10:26:01', '2021-09-20 10:26:01', NULL, 101),
(9, 'test.jpg', '2021-09-20 10:26:01', '2021-09-20 10:26:01', NULL, 46),
(10, 'test.jpg', '2021-09-20 10:26:01', '2021-09-20 10:26:01', NULL, 144),
(11, 'test.jpg', '2021-09-20 10:26:01', '2021-09-20 10:26:01', NULL, 86),
(12, 'test.jpg', '2021-09-20 10:26:02', '2021-09-20 10:26:02', NULL, 59),
(13, 'test.jpg', '2021-09-20 10:26:02', '2021-09-20 10:26:02', NULL, 150),
(14, 'test.jpg', '2021-09-20 10:26:02', '2021-09-20 10:26:02', NULL, 135),
(15, 'test.jpg', '2021-09-20 10:26:02', '2021-09-20 10:26:02', NULL, 162),
(16, 'test.jpg', '2021-09-20 10:26:02', '2021-09-20 10:26:02', NULL, 107),
(17, 'test.jpg', '2021-09-20 10:26:02', '2021-09-20 10:26:02', NULL, 164),
(18, 'test.jpg', '2021-09-20 10:26:03', '2021-09-20 10:26:03', NULL, 44),
(19, 'test.jpg', '2021-09-20 10:26:03', '2021-09-20 10:26:03', NULL, 126),
(20, 'test.jpg', '2021-09-20 10:26:03', '2021-09-20 10:26:03', NULL, 24),
(21, 'test.jpg', '2021-09-20 10:26:03', '2021-09-20 10:26:03', NULL, 123),
(22, 'test.jpg', '2021-09-20 10:26:03', '2021-09-20 10:26:03', NULL, 51),
(23, 'test.jpg', '2021-09-20 10:26:03', '2021-09-20 10:26:03', NULL, 143),
(24, 'test.jpg', '2021-09-20 10:26:03', '2021-09-20 10:26:03', NULL, 114),
(25, 'test.jpg', '2021-09-20 10:26:03', '2021-09-20 10:26:03', NULL, 87),
(26, 'test.jpg', '2021-09-20 10:26:03', '2021-09-20 10:26:03', NULL, 108),
(27, 'test.jpg', '2021-09-20 10:26:04', '2021-09-20 10:26:04', NULL, 113),
(28, 'test.jpg', '2021-09-20 10:26:04', '2021-09-20 10:26:04', NULL, 1),
(29, 'test.jpg', '2021-09-20 10:26:04', '2021-09-20 10:26:04', NULL, 23),
(30, 'test.jpg', '2021-09-20 10:26:04', '2021-09-20 10:26:04', NULL, 83),
(31, 'test.jpg', '2021-09-20 10:26:04', '2021-09-20 10:26:04', NULL, 132),
(32, 'test.jpg', '2021-09-20 10:26:04', '2021-09-20 10:26:04', NULL, 173),
(33, 'test.jpg', '2021-09-20 10:26:04', '2021-09-20 10:26:04', NULL, 94),
(34, 'test.jpg', '2021-09-20 10:26:04', '2021-09-20 10:26:04', NULL, 78),
(35, 'test.jpg', '2021-09-20 10:26:04', '2021-09-20 10:26:04', NULL, 4),
(36, 'test.jpg', '2021-09-20 10:26:04', '2021-09-20 10:26:04', NULL, 162),
(37, 'test.jpg', '2021-09-20 10:26:05', '2021-09-20 10:26:05', NULL, 159),
(38, 'test.jpg', '2021-09-20 10:26:05', '2021-09-20 10:26:05', NULL, 153),
(39, 'test.jpg', '2021-09-20 10:26:05', '2021-09-20 10:26:05', NULL, 177),
(40, 'test.jpg', '2021-09-20 10:26:05', '2021-09-20 10:26:05', NULL, 89),
(41, 'test.jpg', '2021-09-20 10:26:05', '2021-09-20 10:26:05', NULL, 85),
(42, 'test.jpg', '2021-09-20 10:26:05', '2021-09-20 10:26:05', NULL, 111),
(43, 'test.jpg', '2021-09-20 10:26:05', '2021-09-20 10:26:05', NULL, 31),
(44, 'test.jpg', '2021-09-20 10:26:05', '2021-09-20 10:26:05', NULL, 171),
(45, 'test.jpg', '2021-09-20 10:26:05', '2021-09-20 10:26:05', NULL, 22),
(46, 'test.jpg', '2021-09-20 10:26:05', '2021-09-20 10:26:05', NULL, 114),
(47, 'test.jpg', '2021-09-20 10:26:05', '2021-09-20 10:26:05', NULL, 57),
(48, 'test.jpg', '2021-09-20 10:26:05', '2021-09-20 10:26:05', NULL, 14),
(49, 'test.jpg', '2021-09-20 10:26:06', '2021-09-20 10:26:06', NULL, 118),
(50, 'test.jpg', '2021-09-20 10:26:06', '2021-09-20 10:26:06', NULL, 149),
(51, 'test.jpg', '2021-09-20 10:26:06', '2021-09-20 10:26:06', NULL, 137),
(52, 'test.jpg', '2021-09-20 10:26:06', '2021-09-20 10:26:06', NULL, 194),
(53, 'test.jpg', '2021-09-20 10:26:06', '2021-09-20 10:26:06', NULL, 116),
(54, 'test.jpg', '2021-09-20 10:26:06', '2021-09-20 10:26:06', NULL, 185),
(55, 'test.jpg', '2021-09-20 10:26:06', '2021-09-20 10:26:06', NULL, 24),
(56, 'test.jpg', '2021-09-20 10:26:06', '2021-09-20 10:26:06', NULL, 51),
(57, 'test.jpg', '2021-09-20 10:26:06', '2021-09-20 10:26:06', NULL, 40),
(58, 'test.jpg', '2021-09-20 10:26:06', '2021-09-20 10:26:06', NULL, 180),
(59, 'test.jpg', '2021-09-20 10:26:06', '2021-09-20 10:26:06', NULL, 41),
(60, 'test.jpg', '2021-09-20 10:26:06', '2021-09-20 10:26:06', NULL, 179),
(61, 'test.jpg', '2021-09-20 10:26:06', '2021-09-20 10:26:06', NULL, 59),
(62, 'test.jpg', '2021-09-20 10:26:07', '2021-09-20 10:26:07', NULL, 142),
(63, 'test.jpg', '2021-09-20 10:26:07', '2021-09-20 10:26:07', NULL, 84),
(64, 'test.jpg', '2021-09-20 10:26:07', '2021-09-20 10:26:07', NULL, 173),
(65, 'test.jpg', '2021-09-20 10:26:07', '2021-09-20 10:26:07', NULL, 182),
(66, 'test.jpg', '2021-09-20 10:26:07', '2021-09-20 10:26:07', NULL, 66),
(67, 'test.jpg', '2021-09-20 10:26:07', '2021-09-20 10:26:07', NULL, 112),
(68, 'test.jpg', '2021-09-20 10:26:07', '2021-09-20 10:26:07', NULL, 193),
(69, 'test.jpg', '2021-09-20 10:26:07', '2021-09-20 10:26:07', NULL, 145),
(70, 'test.jpg', '2021-09-20 10:26:07', '2021-09-20 10:26:07', NULL, 93),
(71, 'test.jpg', '2021-09-20 10:26:07', '2021-09-20 10:26:07', NULL, 89),
(72, 'test.jpg', '2021-09-20 10:26:08', '2021-09-20 10:26:08', NULL, 194),
(73, 'test.jpg', '2021-09-20 10:26:08', '2021-09-20 10:26:08', NULL, 121),
(74, 'test.jpg', '2021-09-20 10:26:09', '2021-09-20 10:26:09', NULL, 3),
(75, 'test.jpg', '2021-09-20 10:26:09', '2021-09-20 10:26:09', NULL, 102),
(76, 'test.jpg', '2021-09-20 10:26:09', '2021-09-20 10:26:09', NULL, 44),
(77, 'test.jpg', '2021-09-20 10:26:09', '2021-09-20 10:26:09', NULL, 145),
(78, 'test.jpg', '2021-09-20 10:26:09', '2021-09-20 10:26:09', NULL, 180),
(79, 'test.jpg', '2021-09-20 10:26:09', '2021-09-20 10:26:09', NULL, 58),
(80, 'test.jpg', '2021-09-20 10:26:09', '2021-09-20 10:26:09', NULL, 41),
(81, 'test.jpg', '2021-09-20 10:26:09', '2021-09-20 10:26:09', NULL, 96),
(82, 'test.jpg', '2021-09-20 10:26:09', '2021-09-20 10:26:09', NULL, 167),
(83, 'test.jpg', '2021-09-20 10:26:09', '2021-09-20 10:26:09', NULL, 162),
(84, 'test.jpg', '2021-09-20 10:26:09', '2021-09-20 10:26:09', NULL, 120),
(85, 'test.jpg', '2021-09-20 10:26:10', '2021-09-20 10:26:10', NULL, 129),
(86, 'test.jpg', '2021-09-20 10:26:10', '2021-09-20 10:26:10', NULL, 44),
(87, 'test.jpg', '2021-09-20 10:26:10', '2021-09-20 10:26:10', NULL, 138),
(88, 'test.jpg', '2021-09-20 10:26:10', '2021-09-20 10:26:10', NULL, 1),
(89, 'test.jpg', '2021-09-20 10:26:10', '2021-09-20 10:26:10', NULL, 135),
(90, 'test.jpg', '2021-09-20 10:26:10', '2021-09-20 10:26:10', NULL, 192),
(91, 'test.jpg', '2021-09-20 10:26:10', '2021-09-20 10:26:10', NULL, 155),
(92, 'test.jpg', '2021-09-20 10:26:10', '2021-09-20 10:26:10', NULL, 101),
(93, 'test.jpg', '2021-09-20 10:26:10', '2021-09-20 10:26:10', NULL, 150),
(94, 'test.jpg', '2021-09-20 10:26:10', '2021-09-20 10:26:10', NULL, 155),
(95, 'test.jpg', '2021-09-20 10:26:10', '2021-09-20 10:26:10', NULL, 51),
(96, 'test.jpg', '2021-09-20 10:26:10', '2021-09-20 10:26:10', NULL, 31),
(97, 'test.jpg', '2021-09-20 10:26:11', '2021-09-20 10:26:11', NULL, 12),
(98, 'test.jpg', '2021-09-20 10:26:11', '2021-09-20 10:26:11', NULL, 153),
(99, 'test.jpg', '2021-09-20 10:26:11', '2021-09-20 10:26:11', NULL, 150),
(100, 'test.jpg', '2021-09-20 10:26:11', '2021-09-20 10:26:11', NULL, 155),
(101, 'test.jpg', '2021-09-20 10:26:11', '2021-09-20 10:26:11', NULL, 165),
(102, 'test.jpg', '2021-09-20 10:26:11', '2021-09-20 10:26:11', NULL, 38),
(103, 'test.jpg', '2021-09-20 10:26:11', '2021-09-20 10:26:11', NULL, 79),
(104, 'test.jpg', '2021-09-20 10:26:11', '2021-09-20 10:26:11', NULL, 55),
(105, 'test.jpg', '2021-09-20 10:26:11', '2021-09-20 10:26:11', NULL, 59),
(106, 'test.jpg', '2021-09-20 10:26:11', '2021-09-20 10:26:11', NULL, 20),
(107, 'test.jpg', '2021-09-20 10:26:11', '2021-09-20 10:26:11', NULL, 192),
(108, 'test.jpg', '2021-09-20 10:26:11', '2021-09-20 10:26:11', NULL, 28),
(109, 'test.jpg', '2021-09-20 10:26:11', '2021-09-20 10:26:11', NULL, 154),
(110, 'test.jpg', '2021-09-20 10:26:11', '2021-09-20 10:26:11', NULL, 99),
(111, 'test.jpg', '2021-09-20 10:26:12', '2021-09-20 10:26:12', NULL, 6),
(112, 'test.jpg', '2021-09-20 10:26:12', '2021-09-20 10:26:12', NULL, 129),
(113, 'test.jpg', '2021-09-20 10:26:12', '2021-09-20 10:26:12', NULL, 105),
(114, 'test.jpg', '2021-09-20 10:26:12', '2021-09-20 10:26:12', NULL, 149),
(115, 'test.jpg', '2021-09-20 10:26:12', '2021-09-20 10:26:12', NULL, 46),
(116, 'test.jpg', '2021-09-20 10:26:12', '2021-09-20 10:26:12', NULL, 114),
(117, 'test.jpg', '2021-09-20 10:26:12', '2021-09-20 10:26:12', NULL, 70),
(118, 'test.jpg', '2021-09-20 10:26:12', '2021-09-20 10:26:12', NULL, 61),
(119, 'test.jpg', '2021-09-20 10:26:12', '2021-09-20 10:26:12', NULL, 146),
(120, 'test.jpg', '2021-09-20 10:26:12', '2021-09-20 10:26:12', NULL, 1),
(121, 'test.jpg', '2021-09-20 10:26:13', '2021-09-20 10:26:13', NULL, 124),
(122, 'test.jpg', '2021-09-20 10:26:13', '2021-09-20 10:26:13', NULL, 18),
(123, 'test.jpg', '2021-09-20 10:26:13', '2021-09-20 10:26:13', NULL, 172),
(124, 'test.jpg', '2021-09-20 10:26:13', '2021-09-20 10:26:13', NULL, 132),
(125, 'test.jpg', '2021-09-20 10:26:13', '2021-09-20 10:26:13', NULL, 37),
(126, 'test.jpg', '2021-09-20 10:26:13', '2021-09-20 10:26:13', NULL, 70),
(127, 'test.jpg', '2021-09-20 10:26:13', '2021-09-20 10:26:13', NULL, 58),
(128, 'test.jpg', '2021-09-20 10:26:13', '2021-09-20 10:26:13', NULL, 10),
(129, 'test.jpg', '2021-09-20 10:26:13', '2021-09-20 10:26:13', NULL, 127),
(130, 'test.jpg', '2021-09-20 10:26:13', '2021-09-20 10:26:13', NULL, 187),
(131, 'test.jpg', '2021-09-20 10:26:14', '2021-09-20 10:26:14', NULL, 185),
(132, 'test.jpg', '2021-09-20 10:26:14', '2021-09-20 10:26:14', NULL, 15),
(133, 'test.jpg', '2021-09-20 10:26:14', '2021-09-20 10:26:14', NULL, 77),
(134, 'test.jpg', '2021-09-20 10:26:14', '2021-09-20 10:26:14', NULL, 23),
(135, 'test.jpg', '2021-09-20 10:26:14', '2021-09-20 10:26:14', NULL, 29),
(136, 'test.jpg', '2021-09-20 10:26:14', '2021-09-20 10:26:14', NULL, 86),
(137, 'test.jpg', '2021-09-20 10:26:14', '2021-09-20 10:26:14', NULL, 171),
(138, 'test.jpg', '2021-09-20 10:26:14', '2021-09-20 10:26:14', NULL, 133),
(139, 'test.jpg', '2021-09-20 10:26:15', '2021-09-20 10:26:15', NULL, 153),
(140, 'test.jpg', '2021-09-20 10:26:15', '2021-09-20 10:26:15', NULL, 187),
(141, 'test.jpg', '2021-09-20 10:26:15', '2021-09-20 10:26:15', NULL, 177),
(142, 'test.jpg', '2021-09-20 10:26:15', '2021-09-20 10:26:15', NULL, 170),
(143, 'test.jpg', '2021-09-20 10:26:15', '2021-09-20 10:26:15', NULL, 8),
(144, 'test.jpg', '2021-09-20 10:26:15', '2021-09-20 10:26:15', NULL, 49),
(145, 'test.jpg', '2021-09-20 10:26:15', '2021-09-20 10:26:15', NULL, 156),
(146, 'test.jpg', '2021-09-20 10:26:15', '2021-09-20 10:26:15', NULL, 16),
(147, 'test.jpg', '2021-09-20 10:26:15', '2021-09-20 10:26:15', NULL, 136),
(148, 'test.jpg', '2021-09-20 10:26:15', '2021-09-20 10:26:15', NULL, 144),
(149, 'test.jpg', '2021-09-20 10:26:15', '2021-09-20 10:26:15', NULL, 77),
(150, 'test.jpg', '2021-09-20 10:26:15', '2021-09-20 10:26:15', NULL, 82),
(151, 'test.jpg', '2021-09-20 10:26:16', '2021-09-20 10:26:16', NULL, 75),
(152, 'test.jpg', '2021-09-20 10:26:16', '2021-09-20 10:26:16', NULL, 39),
(153, 'test.jpg', '2021-09-20 10:26:16', '2021-09-20 10:26:16', NULL, 186),
(154, 'test.jpg', '2021-09-20 10:26:16', '2021-09-20 10:26:16', NULL, 114),
(155, 'test.jpg', '2021-09-20 10:26:16', '2021-09-20 10:26:16', NULL, 140),
(156, 'test.jpg', '2021-09-20 10:26:16', '2021-09-20 10:26:16', NULL, 19),
(157, 'test.jpg', '2021-09-20 10:26:16', '2021-09-20 10:26:16', NULL, 170),
(158, 'test.jpg', '2021-09-20 10:26:16', '2021-09-20 10:26:16', NULL, 118),
(159, 'test.jpg', '2021-09-20 10:26:16', '2021-09-20 10:26:16', NULL, 171),
(160, 'test.jpg', '2021-09-20 10:26:17', '2021-09-20 10:26:17', NULL, 45),
(161, 'test.jpg', '2021-09-20 10:26:17', '2021-09-20 10:26:17', NULL, 179),
(162, 'test.jpg', '2021-09-20 10:26:17', '2021-09-20 10:26:17', NULL, 141),
(163, 'test.jpg', '2021-09-20 10:26:17', '2021-09-20 10:26:17', NULL, 49),
(164, 'test.jpg', '2021-09-20 10:26:17', '2021-09-20 10:26:17', NULL, 184),
(165, 'test.jpg', '2021-09-20 10:26:17', '2021-09-20 10:26:17', NULL, 67),
(166, 'test.jpg', '2021-09-20 10:26:17', '2021-09-20 10:26:17', NULL, 101),
(167, 'test.jpg', '2021-09-20 10:26:17', '2021-09-20 10:26:17', NULL, 54),
(168, 'test.jpg', '2021-09-20 10:26:17', '2021-09-20 10:26:17', NULL, 66),
(169, 'test.jpg', '2021-09-20 10:26:17', '2021-09-20 10:26:17', NULL, 104),
(170, 'test.jpg', '2021-09-20 10:26:17', '2021-09-20 10:26:17', NULL, 162),
(171, 'test.jpg', '2021-09-20 10:26:17', '2021-09-20 10:26:17', NULL, 39),
(172, 'test.jpg', '2021-09-20 10:26:18', '2021-09-20 10:26:18', NULL, 89),
(173, 'test.jpg', '2021-09-20 10:26:18', '2021-09-20 10:26:18', NULL, 191),
(174, 'test.jpg', '2021-09-20 10:26:18', '2021-09-20 10:26:18', NULL, 157),
(175, 'test.jpg', '2021-09-20 10:26:18', '2021-09-20 10:26:18', NULL, 52),
(176, 'test.jpg', '2021-09-20 10:26:18', '2021-09-20 10:26:18', NULL, 70),
(177, 'test.jpg', '2021-09-20 10:26:18', '2021-09-20 10:26:18', NULL, 133),
(178, 'test.jpg', '2021-09-20 10:26:18', '2021-09-20 10:26:18', NULL, 180),
(179, 'test.jpg', '2021-09-20 10:26:18', '2021-09-20 10:26:18', NULL, 179),
(180, 'test.jpg', '2021-09-20 10:26:18', '2021-09-20 10:26:18', NULL, 85),
(181, 'test.jpg', '2021-09-20 10:26:18', '2021-09-20 10:26:18', NULL, 144),
(182, 'test.jpg', '2021-09-20 10:26:18', '2021-09-20 10:26:18', NULL, 94),
(183, 'test.jpg', '2021-09-20 10:26:18', '2021-09-20 10:26:18', NULL, 130),
(184, 'test.jpg', '2021-09-20 10:26:18', '2021-09-20 10:26:18', NULL, 1),
(185, 'test.jpg', '2021-09-20 10:26:18', '2021-09-20 10:26:18', NULL, 92),
(186, 'test.jpg', '2021-09-20 10:26:19', '2021-09-20 10:26:19', NULL, 18),
(187, 'test.jpg', '2021-09-20 10:26:19', '2021-09-20 10:26:19', NULL, 43),
(188, 'test.jpg', '2021-09-20 10:26:19', '2021-09-20 10:26:19', NULL, 153),
(189, 'test.jpg', '2021-09-20 10:26:19', '2021-09-20 10:26:19', NULL, 125),
(190, 'test.jpg', '2021-09-20 10:26:19', '2021-09-20 10:26:19', NULL, 98),
(191, 'test.jpg', '2021-09-20 10:26:19', '2021-09-20 10:26:19', NULL, 167),
(192, 'test.jpg', '2021-09-20 10:26:19', '2021-09-20 10:26:19', NULL, 174),
(193, 'test.jpg', '2021-09-20 10:26:19', '2021-09-20 10:26:19', NULL, 139),
(194, 'test.jpg', '2021-09-20 10:26:19', '2021-09-20 10:26:19', NULL, 21),
(195, 'test.jpg', '2021-09-20 10:26:19', '2021-09-20 10:26:19', NULL, 22),
(196, 'test.jpg', '2021-09-20 10:26:19', '2021-09-20 10:26:19', NULL, 104),
(197, 'test.jpg', '2021-09-20 10:26:19', '2021-09-20 10:26:19', NULL, 127),
(198, 'test.jpg', '2021-09-20 10:26:19', '2021-09-20 10:26:19', NULL, 173),
(199, 'test.jpg', '2021-09-20 10:26:20', '2021-09-20 10:26:20', NULL, 145),
(200, 'test.jpg', '2021-09-20 10:26:20', '2021-09-20 10:26:20', NULL, 7),
(201, 'test.jpg', '2021-09-20 10:26:20', '2021-09-20 10:26:20', NULL, 15),
(202, 'test.jpg', '2021-09-20 10:26:20', '2021-09-20 10:26:20', NULL, 79);

-- --------------------------------------------------------

--
-- بنية الجدول `statements`
--

CREATE TABLE `statements` (
  `id` bigint(20) UNSIGNED NOT NULL,
  `name_ar` varchar(50) COLLATE utf8mb4_unicode_ci NOT NULL,
  `name_en` varchar(50) COLLATE utf8mb4_unicode_ci NOT NULL,
  `value_en` text COLLATE utf8mb4_unicode_ci NOT NULL,
  `value_ar` text COLLATE utf8mb4_unicode_ci NOT NULL,
  `created_at` timestamp NULL DEFAULT NULL,
  `updated_at` timestamp NULL DEFAULT NULL,
  `deleted_at` timestamp NULL DEFAULT NULL,
  `product_id` bigint(20) UNSIGNED NOT NULL
) ENGINE=InnoDB DEFAULT CHARSET=utf8mb4 COLLATE=utf8mb4_unicode_ci;

--
-- إرجاع أو استيراد بيانات الجدول `statements`
--

INSERT INTO `statements` (`id`, `name_ar`, `name_en`, `value_en`, `value_ar`, `created_at`, `updated_at`, `deleted_at`, `product_id`) VALUES
(1, 'ar_Dolorem animi.', 'en-Nobis ut esse.', 'en-Explicabo non.', 'ar_Nihil corporis.', '2021-09-20 10:22:43', '2021-09-20 10:22:43', NULL, 36),
(2, 'ar_Vel tempore.', 'en-Aut autem.', 'en-Repudiandae illum.', 'ar_Porro reprehenderit.', '2021-09-20 10:22:44', '2021-09-20 10:22:44', NULL, 67),
(3, 'ar_Ad sunt.', 'en-Dolores.', 'en-Ducimus.', 'ar_Et ipsum accusamus.', '2021-09-20 10:22:44', '2021-09-20 10:22:44', NULL, 47),
(4, 'ar_Eligendi.', 'en-Molestiae.', 'en-Nisi tempore minima.', 'ar_Suscipit illo.', '2021-09-20 10:22:44', '2021-09-20 10:22:44', NULL, 71),
(5, 'ar_Perferendis.', 'en-Non explicabo.', 'en-Ipsam.', 'ar_Atque suscipit.', '2021-09-20 10:22:44', '2021-09-20 10:22:44', NULL, 6),
(6, 'ar_Accusamus.', 'en-Ipsa saepe.', 'en-In itaque molestiae.', 'ar_Perspiciatis rerum.', '2021-09-20 10:22:44', '2021-09-20 10:22:44', NULL, 138),
(7, 'ar_Velit eum et.', 'en-Recusandae.', 'en-Aspernatur quam.', 'ar_Sunt dicta.', '2021-09-20 10:22:44', '2021-09-20 10:22:44', NULL, 177),
(8, 'ar_Neque rerum.', 'en-Doloribus.', 'en-Magnam libero id et.', 'ar_Dolorum error quia.', '2021-09-20 10:22:44', '2021-09-20 10:22:44', NULL, 155),
(9, 'ar_Dolorem.', 'en-Sunt ut magnam.', 'en-Voluptatibus.', 'ar_Velit rerum.', '2021-09-20 10:22:44', '2021-09-20 10:22:44', NULL, 145),
(10, 'ar_Qui aut.', 'en-Quia ipsum.', 'en-Rerum ut numquam.', 'ar_Quisquam similique.', '2021-09-20 10:22:44', '2021-09-20 10:22:44', NULL, 88),
(11, 'ar_Laboriosam et.', 'en-Amet quo quia.', 'en-Qui aut consectetur.', 'ar_Ad quis qui.', '2021-09-20 10:22:44', '2021-09-20 10:22:44', NULL, 27),
(12, 'ar_Eum id ea.', 'en-Dolores.', 'en-Quia dolores est.', 'ar_Ut aut velit unde.', '2021-09-20 10:22:44', '2021-09-20 10:22:44', NULL, 111),
(13, 'ar_Facere quam.', 'en-In aut id.', 'en-Omnis minus.', 'ar_Magni sint.', '2021-09-20 10:22:44', '2021-09-20 10:22:44', NULL, 152),
(14, 'ar_Dicta amet aut.', 'en-Ad sapiente.', 'en-Sapiente aut natus.', 'ar_Repellat.', '2021-09-20 10:22:44', '2021-09-20 10:22:44', NULL, 190),
(15, 'ar_Vel quia.', 'en-Tempora.', 'en-Deleniti at vero.', 'ar_Porro eius et.', '2021-09-20 10:22:44', '2021-09-20 10:22:44', NULL, 48),
(16, 'ar_Accusantium.', 'en-Aut doloremque.', 'en-Aliquam ut amet.', 'ar_Asperiores sequi.', '2021-09-20 10:22:44', '2021-09-20 10:22:44', NULL, 176),
(17, 'ar_Quas vitae.', 'en-Sint adipisci.', 'en-Quaerat aut.', 'ar_Hic rerum ut.', '2021-09-20 10:22:44', '2021-09-20 10:22:44', NULL, 62),
(18, 'ar_Et deleniti.', 'en-Deleniti eos.', 'en-Mollitia alias.', 'ar_Maxime eius fugiat.', '2021-09-20 10:22:44', '2021-09-20 10:22:44', NULL, 199),
(19, 'ar_Sunt unde sit.', 'en-Molestiae ad.', 'en-Cupiditate sequi.', 'ar_Ea beatae nulla et.', '2021-09-20 10:22:44', '2021-09-20 10:22:44', NULL, 197),
(20, 'ar_Hic dolorem.', 'en-Debitis rerum.', 'en-Quae et rerum.', 'ar_Corporis quo.', '2021-09-20 10:22:45', '2021-09-20 10:22:45', NULL, 65),
(21, 'ar_Veritatis.', 'en-Modi ex omnis.', 'en-Aspernatur vel ad.', 'ar_Aut omnis quae aut.', '2021-09-20 10:22:45', '2021-09-20 10:22:45', NULL, 85),
(22, 'ar_Qui quae.', 'en-Quisquam sed.', 'en-Sit asperiores ea.', 'ar_Nemo omnis sit.', '2021-09-20 10:22:45', '2021-09-20 10:22:45', NULL, 195),
(23, 'ar_Qui qui dolore.', 'en-Ut enim.', 'en-Et ut quis iusto.', 'ar_Iste veniam quia.', '2021-09-20 10:22:45', '2021-09-20 10:22:45', NULL, 198),
(24, 'ar_Reiciendis.', 'en-Nam aut rerum.', 'en-Distinctio.', 'ar_Odit exercitationem.', '2021-09-20 10:22:45', '2021-09-20 10:22:45', NULL, 105),
(25, 'ar_Ut ipsam modi.', 'en-Expedita.', 'en-Dignissimos.', 'ar_Officia optio.', '2021-09-20 10:22:45', '2021-09-20 10:22:45', NULL, 13),
(26, 'ar_Rerum autem.', 'en-Debitis.', 'en-Et exercitationem.', 'ar_Architecto et nihil.', '2021-09-20 10:22:45', '2021-09-20 10:22:45', NULL, 41),
(27, 'ar_Esse facilis.', 'en-Eveniet beatae.', 'en-Animi delectus ut.', 'ar_Iusto culpa.', '2021-09-20 10:22:45', '2021-09-20 10:22:45', NULL, 132),
(28, 'ar_Qui.', 'en-Enim.', 'en-Natus consectetur.', 'ar_Quo reiciendis quis.', '2021-09-20 10:22:45', '2021-09-20 10:22:45', NULL, 166),
(29, 'ar_Et quae in qui.', 'en-Eaque.', 'en-Mollitia placeat et.', 'ar_Repellat provident.', '2021-09-20 10:22:45', '2021-09-20 10:22:45', NULL, 46),
(30, 'ar_Asperiores.', 'en-Ea deserunt.', 'en-Saepe.', 'ar_Consequatur.', '2021-09-20 10:22:45', '2021-09-20 10:22:45', NULL, 116),
(31, 'ar_Odit deserunt.', 'en-Doloribus.', 'en-Facilis beatae.', 'ar_Accusantium est nam.', '2021-09-20 10:22:45', '2021-09-20 10:22:45', NULL, 84),
(32, 'ar_Ea ex ex.', 'en-Est sed est.', 'en-Sequi voluptatem.', 'ar_Et totam totam.', '2021-09-20 10:22:45', '2021-09-20 10:22:45', NULL, 102),
(33, 'ar_Est rerum.', 'en-Soluta.', 'en-Qui dicta et et.', 'ar_Officiis qui.', '2021-09-20 10:22:45', '2021-09-20 10:22:45', NULL, 55),
(34, 'ar_Et.', 'en-Delectus autem.', 'en-Soluta odio fuga.', 'ar_Et deserunt et.', '2021-09-20 10:22:46', '2021-09-20 10:22:46', NULL, 7),
(35, 'ar_Sint enim.', 'en-Vero sit unde.', 'en-Maiores amet.', 'ar_Error illo velit.', '2021-09-20 10:22:46', '2021-09-20 10:22:46', NULL, 67),
(36, 'ar_Fuga deserunt.', 'en-Itaque id.', 'en-Est labore velit.', 'ar_Voluptates impedit.', '2021-09-20 10:22:46', '2021-09-20 10:22:46', NULL, 79),
(37, 'ar_Porro ratione.', 'en-Fugiat dolor.', 'en-Sed voluptatem.', 'ar_Officia aperiam.', '2021-09-20 10:22:46', '2021-09-20 10:22:46', NULL, 70),
(38, 'ar_Beatae.', 'en-Et officiis.', 'en-Quia sed veritatis.', 'ar_Eum pariatur vitae.', '2021-09-20 10:22:46', '2021-09-20 10:22:46', NULL, 55),
(39, 'ar_Incidunt ad et.', 'en-Eaque qui.', 'en-Quia ea a rerum non.', 'ar_Nam sequi aut minus.', '2021-09-20 10:22:46', '2021-09-20 10:22:46', NULL, 166),
(40, 'ar_Voluptas autem.', 'en-Dicta et nulla.', 'en-Voluptatem.', 'ar_Voluptas inventore.', '2021-09-20 10:22:46', '2021-09-20 10:22:46', NULL, 63),
(41, 'ar_Et vero.', 'en-Aut quae.', 'en-Qui asperiores.', 'ar_At sed maiores quo.', '2021-09-20 10:22:46', '2021-09-20 10:22:46', NULL, 30),
(42, 'ar_Perspiciatis.', 'en-Aut vitae et.', 'en-Impedit animi.', 'ar_Optio delectus.', '2021-09-20 10:22:46', '2021-09-20 10:22:46', NULL, 130),
(43, 'ar_Placeat.', 'en-Sint odit.', 'en-Et reiciendis magni.', 'ar_Iure dignissimos id.', '2021-09-20 10:22:46', '2021-09-20 10:22:46', NULL, 84),
(44, 'ar_Tempora ipsum.', 'en-Dolores.', 'en-Voluptatibus.', 'ar_Distinctio cumque.', '2021-09-20 10:22:46', '2021-09-20 10:22:46', NULL, 150),
(45, 'ar_Voluptatem.', 'en-Modi rem id.', 'en-Asperiores facere.', 'ar_Vel fugiat quis ut.', '2021-09-20 10:22:46', '2021-09-20 10:22:46', NULL, 195),
(46, 'ar_Autem ea.', 'en-Harum ut.', 'en-Quia dicta ut ut.', 'ar_Molestiae tempora.', '2021-09-20 10:22:46', '2021-09-20 10:22:46', NULL, 125),
(47, 'ar_Non nihil.', 'en-Est omnis quo.', 'en-Eveniet nisi et qui.', 'ar_Dolores nostrum.', '2021-09-20 10:22:47', '2021-09-20 10:22:47', NULL, 189),
(48, 'ar_Culpa animi.', 'en-Quia soluta.', 'en-Ex facere labore.', 'ar_Asperiores.', '2021-09-20 10:22:47', '2021-09-20 10:22:47', NULL, 146),
(49, 'ar_Illo mollitia.', 'en-Voluptatibus.', 'en-Voluptas numquam.', 'ar_Dolor ab doloremque.', '2021-09-20 10:22:47', '2021-09-20 10:22:47', NULL, 54),
(50, 'ar_Est possimus.', 'en-Qui ut.', 'en-Quam ut quis fuga.', 'ar_Saepe et eaque aut.', '2021-09-20 10:22:47', '2021-09-20 10:22:47', NULL, 176),
(51, 'ar_Doloribus.', 'en-Repudiandae et.', 'en-Aliquam iure.', 'ar_Quo dolorem quo.', '2021-09-20 10:22:47', '2021-09-20 10:22:47', NULL, 138),
(52, 'ar_Impedit nam.', 'en-Nulla.', 'en-Eos laborum.', 'ar_Exercitationem eos.', '2021-09-20 10:22:47', '2021-09-20 10:22:47', NULL, 167),
(53, 'ar_Voluptas.', 'en-Corporis ut.', 'en-Quia dolores.', 'ar_Cumque eum.', '2021-09-20 10:22:47', '2021-09-20 10:22:47', NULL, 75),
(54, 'ar_Omnis et ullam.', 'en-Aut libero.', 'en-Enim repellat.', 'ar_Harum consectetur.', '2021-09-20 10:22:47', '2021-09-20 10:22:47', NULL, 195),
(55, 'ar_Doloremque.', 'en-Consequatur.', 'en-Id ut est modi aut.', 'ar_Saepe illo itaque.', '2021-09-20 10:22:47', '2021-09-20 10:22:47', NULL, 105),
(56, 'ar_Sint aut et.', 'en-Voluptatem et.', 'en-Sapiente vitae eius.', 'ar_Sit rerum sed error.', '2021-09-20 10:22:47', '2021-09-20 10:22:47', NULL, 9),
(57, 'ar_Dolorum.', 'en-Officiis magni.', 'en-Architecto beatae.', 'ar_Saepe aperiam.', '2021-09-20 10:22:47', '2021-09-20 10:22:47', NULL, 200),
(58, 'ar_Nisi quis vel.', 'en-Voluptatem.', 'en-Quisquam saepe.', 'ar_Beatae voluptatibus.', '2021-09-20 10:22:47', '2021-09-20 10:22:47', NULL, 161),
(59, 'ar_Ut repellat.', 'en-Nostrum soluta.', 'en-Dolores ipsa labore.', 'ar_Quisquam vel et.', '2021-09-20 10:22:47', '2021-09-20 10:22:47', NULL, 21),
(60, 'ar_Deleniti vero.', 'en-Error.', 'en-A officia repellat.', 'ar_Quis accusamus ut.', '2021-09-20 10:22:47', '2021-09-20 10:22:47', NULL, 31),
(61, 'ar_Quis aut ullam.', 'en-Earum et.', 'en-Sit magnam.', 'ar_Quos nihil quaerat.', '2021-09-20 10:22:47', '2021-09-20 10:22:47', NULL, 84),
(62, 'ar_Nihil.', 'en-Aperiam.', 'en-Quae sed sit labore.', 'ar_Aliquam aperiam.', '2021-09-20 10:22:47', '2021-09-20 10:22:47', NULL, 67),
(63, 'ar_Dolore iste.', 'en-Est nulla in.', 'en-Nihil blanditiis.', 'ar_Dolore nostrum.', '2021-09-20 10:22:48', '2021-09-20 10:22:48', NULL, 122),
(64, 'ar_Non.', 'en-Non cupiditate.', 'en-Optio reprehenderit.', 'ar_Omnis ratione est.', '2021-09-20 10:22:48', '2021-09-20 10:22:48', NULL, 97),
(65, 'ar_Accusamus amet.', 'en-Consectetur.', 'en-Dolorem et eaque.', 'ar_Quis ut et tempore.', '2021-09-20 10:22:48', '2021-09-20 10:22:48', NULL, 119),
(66, 'ar_Blanditiis.', 'en-Est adipisci.', 'en-Quod mollitia et.', 'ar_Inventore.', '2021-09-20 10:22:48', '2021-09-20 10:22:48', NULL, 28),
(67, 'ar_Minima aut et.', 'en-Consequuntur.', 'en-Rerum fugiat est ut.', 'ar_Necessitatibus odit.', '2021-09-20 10:22:48', '2021-09-20 10:22:48', NULL, 83),
(68, 'ar_Numquam nihil.', 'en-Eligendi.', 'en-Aliquid blanditiis.', 'ar_Ad ipsa soluta.', '2021-09-20 10:22:48', '2021-09-20 10:22:48', NULL, 34),
(69, 'ar_Nihil quisquam.', 'en-Eaque quasi.', 'en-Id fuga molestias.', 'ar_Aut modi ut.', '2021-09-20 10:22:48', '2021-09-20 10:22:48', NULL, 197),
(70, 'ar_Ab quasi atque.', 'en-A natus eius.', 'en-Explicabo qui.', 'ar_Voluptatem quasi.', '2021-09-20 10:22:48', '2021-09-20 10:22:48', NULL, 103),
(71, 'ar_Possimus iusto.', 'en-Repudiandae ea.', 'en-Ut nostrum labore.', 'ar_Dolor quasi.', '2021-09-20 10:22:48', '2021-09-20 10:22:48', NULL, 65),
(72, 'ar_Quo sed.', 'en-Ea ut error.', 'en-Non sed architecto.', 'ar_Voluptatem non.', '2021-09-20 10:22:48', '2021-09-20 10:22:48', NULL, 1),
(73, 'ar_Dolores.', 'en-Voluptatibus.', 'en-Et error fugiat.', 'ar_Itaque eum aperiam.', '2021-09-20 10:22:48', '2021-09-20 10:22:48', NULL, 181),
(74, 'ar_Quia dolores.', 'en-Sit velit.', 'en-Molestias unde qui.', 'ar_Non illum possimus.', '2021-09-20 10:22:48', '2021-09-20 10:22:48', NULL, 53),
(75, 'ar_Reiciendis.', 'en-Odio molestiae.', 'en-Nobis minus aut.', 'ar_Veritatis maxime a.', '2021-09-20 10:22:48', '2021-09-20 10:22:48', NULL, 44),
(76, 'ar_Nulla ut.', 'en-Commodi nemo.', 'en-Sapiente adipisci.', 'ar_Placeat rerum atque.', '2021-09-20 10:22:48', '2021-09-20 10:22:48', NULL, 172),
(77, 'ar_Tenetur.', 'en-Aut.', 'en-Est nemo cum.', 'ar_Quis necessitatibus.', '2021-09-20 10:22:48', '2021-09-20 10:22:48', NULL, 182),
(78, 'ar_Minus rerum.', 'en-Quis numquam.', 'en-Eligendi dolorem.', 'ar_Sunt velit est.', '2021-09-20 10:22:48', '2021-09-20 10:22:48', NULL, 181),
(79, 'ar_Soluta est.', 'en-Sit temporibus.', 'en-Ut accusamus.', 'ar_Consequatur id.', '2021-09-20 10:22:48', '2021-09-20 10:22:48', NULL, 90),
(80, 'ar_Recusandae.', 'en-Maiores.', 'en-Animi et fugit.', 'ar_Qui laborum eos.', '2021-09-20 10:22:48', '2021-09-20 10:22:48', NULL, 37),
(81, 'ar_Cupiditate.', 'en-Ut quis.', 'en-Molestiae atque.', 'ar_Placeat qui.', '2021-09-20 10:22:48', '2021-09-20 10:22:48', NULL, 18),
(82, 'ar_Molestiae.', 'en-Non quas culpa.', 'en-Ut quo aut.', 'ar_Delectus earum.', '2021-09-20 10:22:48', '2021-09-20 10:22:48', NULL, 167),
(83, 'ar_Est enim rerum.', 'en-Et placeat.', 'en-Non aut est sint.', 'ar_Sit quae aperiam.', '2021-09-20 10:22:48', '2021-09-20 10:22:48', NULL, 98),
(84, 'ar_Et cupiditate.', 'en-Veniam id.', 'en-Officiis saepe.', 'ar_Cum vitae eum eos.', '2021-09-20 10:22:48', '2021-09-20 10:22:48', NULL, 161),
(85, 'ar_Dicta.', 'en-Minus in.', 'en-Unde dolores.', 'ar_Exercitationem.', '2021-09-20 10:22:49', '2021-09-20 10:22:49', NULL, 10),
(86, 'ar_In.', 'en-Repellat nisi.', 'en-Est id et atque qui.', 'ar_Id aliquid rerum.', '2021-09-20 10:22:49', '2021-09-20 10:22:49', NULL, 92),
(87, 'ar_Veritatis est.', 'en-At aperiam.', 'en-Tempora consequatur.', 'ar_Commodi unde.', '2021-09-20 10:22:49', '2021-09-20 10:22:49', NULL, 176),
(88, 'ar_Vel quo omnis.', 'en-Ducimus.', 'en-Accusamus sit nihil.', 'ar_Perspiciatis odio.', '2021-09-20 10:22:49', '2021-09-20 10:22:49', NULL, 80),
(89, 'ar_Odit ratione.', 'en-Repellendus.', 'en-Et deserunt.', 'ar_Sit in ut deleniti.', '2021-09-20 10:22:49', '2021-09-20 10:22:49', NULL, 60),
(90, 'ar_Nesciunt nihil.', 'en-Occaecati ad.', 'en-Eius non eaque.', 'ar_Amet id quis.', '2021-09-20 10:22:49', '2021-09-20 10:22:49', NULL, 129),
(91, 'ar_Nostrum est.', 'en-Et a et sed.', 'en-Doloribus expedita.', 'ar_Voluptatum odit.', '2021-09-20 10:22:49', '2021-09-20 10:22:49', NULL, 182),
(92, 'ar_Dolor.', 'en-Nam voluptas.', 'en-Odio exercitationem.', 'ar_Ut natus dolorum.', '2021-09-20 10:22:49', '2021-09-20 10:22:49', NULL, 131),
(93, 'ar_Possimus ab.', 'en-Qui quo ut.', 'en-Ut vel provident.', 'ar_Aliquid voluptas.', '2021-09-20 10:22:49', '2021-09-20 10:22:49', NULL, 147),
(94, 'ar_Occaecati qui.', 'en-Et fugiat.', 'en-Quos et non et.', 'ar_Odit totam.', '2021-09-20 10:22:49', '2021-09-20 10:22:49', NULL, 128),
(95, 'ar_Aliquid.', 'en-Dolorum.', 'en-Et iste sit rerum.', 'ar_Velit sunt sed.', '2021-09-20 10:22:49', '2021-09-20 10:22:49', NULL, 105),
(96, 'ar_Accusantium.', 'en-Qui.', 'en-Culpa sint.', 'ar_Rerum magni rerum.', '2021-09-20 10:22:49', '2021-09-20 10:22:49', NULL, 34),
(97, 'ar_Sit quis.', 'en-Sit sint minus.', 'en-Omnis autem optio.', 'ar_Molestiae ullam.', '2021-09-20 10:22:49', '2021-09-20 10:22:49', NULL, 22),
(98, 'ar_Non dolorem.', 'en-Asperiores.', 'en-Dolores sint qui.', 'ar_Consectetur sed.', '2021-09-20 10:22:49', '2021-09-20 10:22:49', NULL, 42),
(99, 'ar_Esse quis.', 'en-Consequatur.', 'en-Aliquam ut culpa.', 'ar_Enim temporibus.', '2021-09-20 10:22:49', '2021-09-20 10:22:49', NULL, 149),
(100, 'ar_Cupiditate.', 'en-Amet inventore.', 'en-Nihil nostrum quia.', 'ar_Sint laudantium.', '2021-09-20 10:22:49', '2021-09-20 10:22:49', NULL, 44),
(101, 'ar_Soluta.', 'en-Tempora.', 'en-Numquam non dolorum.', 'ar_Id nihil qui.', '2021-09-20 10:22:50', '2021-09-20 10:22:50', NULL, 108),
(102, 'ar_Velit velit.', 'en-Laborum aut.', 'en-Dolorem quo.', 'ar_Dolores incidunt.', '2021-09-20 10:22:50', '2021-09-20 10:22:50', NULL, 60),
(103, 'ar_Sed id.', 'en-Non nobis.', 'en-Harum corrupti et.', 'ar_Tempora ad aut.', '2021-09-20 10:22:50', '2021-09-20 10:22:50', NULL, 50),
(104, 'ar_Et dolor quo.', 'en-Deleniti ipsam.', 'en-Aperiam consectetur.', 'ar_Impedit voluptate.', '2021-09-20 10:22:50', '2021-09-20 10:22:50', NULL, 18),
(105, 'ar_At aspernatur.', 'en-Quia eius ex.', 'en-Laudantium amet aut.', 'ar_Qui expedita.', '2021-09-20 10:22:50', '2021-09-20 10:22:50', NULL, 101),
(106, 'ar_Laboriosam.', 'en-Reiciendis.', 'en-Et eveniet quisquam.', 'ar_Sit nobis.', '2021-09-20 10:22:50', '2021-09-20 10:22:50', NULL, 28),
(107, 'ar_Quod at a.', 'en-Voluptatem.', 'en-Atque quia minima.', 'ar_Ducimus tempore.', '2021-09-20 10:22:50', '2021-09-20 10:22:50', NULL, 65),
(108, 'ar_Rerum.', 'en-Velit dolore.', 'en-Eveniet unde.', 'ar_Qui velit et ipsum.', '2021-09-20 10:22:50', '2021-09-20 10:22:50', NULL, 71),
(109, 'ar_Aut.', 'en-Commodi.', 'en-Neque non provident.', 'ar_Qui sed soluta qui.', '2021-09-20 10:22:50', '2021-09-20 10:22:50', NULL, 76),
(110, 'ar_Quo natus.', 'en-Commodi autem.', 'en-Ut atque enim.', 'ar_Quasi molestiae.', '2021-09-20 10:22:50', '2021-09-20 10:22:50', NULL, 107),
(111, 'ar_Excepturi id.', 'en-Quasi.', 'en-Quae fugit fugit.', 'ar_Est adipisci.', '2021-09-20 10:22:50', '2021-09-20 10:22:50', NULL, 106),
(112, 'ar_Qui fugit.', 'en-Est corrupti.', 'en-Et qui ut nostrum.', 'ar_Quo optio molestiae.', '2021-09-20 10:22:50', '2021-09-20 10:22:50', NULL, 77),
(113, 'ar_Et et qui aut.', 'en-Placeat.', 'en-Aut non quasi fuga.', 'ar_A nihil sint.', '2021-09-20 10:22:50', '2021-09-20 10:22:50', NULL, 87),
(114, 'ar_Sequi ipsum.', 'en-Voluptas et.', 'en-Quis exercitationem.', 'ar_Fugiat beatae sunt.', '2021-09-20 10:22:50', '2021-09-20 10:22:50', NULL, 89),
(115, 'ar_Sunt autem.', 'en-Distinctio.', 'en-Rem modi pariatur.', 'ar_Dolor voluptatem.', '2021-09-20 10:22:50', '2021-09-20 10:22:50', NULL, 182),
(116, 'ar_Vitae quis.', 'en-Veniam.', 'en-Aut ullam in esse.', 'ar_Et aut ut.', '2021-09-20 10:22:50', '2021-09-20 10:22:50', NULL, 64),
(117, 'ar_Ut voluptatem.', 'en-Aut et veniam.', 'en-Minima consectetur.', 'ar_Dolorum optio.', '2021-09-20 10:22:50', '2021-09-20 10:22:50', NULL, 56),
(118, 'ar_Esse et a.', 'en-Quidem.', 'en-Et a rem tenetur.', 'ar_Laborum expedita.', '2021-09-20 10:22:50', '2021-09-20 10:22:50', NULL, 69),
(119, 'ar_Ipsum nesciunt.', 'en-Suscipit est.', 'en-Deleniti sunt qui.', 'ar_Quidem consequatur.', '2021-09-20 10:22:50', '2021-09-20 10:22:50', NULL, 198),
(120, 'ar_Aut quis earum.', 'en-Aut deserunt.', 'en-Perferendis sunt.', 'ar_Sed delectus sed.', '2021-09-20 10:22:51', '2021-09-20 10:22:51', NULL, 65),
(121, 'ar_Veniam fugiat.', 'en-Odit dolorum.', 'en-Quia ab non odit.', 'ar_Occaecati.', '2021-09-20 10:22:51', '2021-09-20 10:22:51', NULL, 38),
(122, 'ar_Aspernatur.', 'en-Consectetur.', 'en-Odit sit sint error.', 'ar_Vitae quos vel.', '2021-09-20 10:22:51', '2021-09-20 10:22:51', NULL, 1),
(123, 'ar_Corporis esse.', 'en-Sequi illo.', 'en-Et ipsam iusto sed.', 'ar_Nihil temporibus.', '2021-09-20 10:22:51', '2021-09-20 10:22:51', NULL, 37),
(124, 'ar_Saepe est a.', 'en-Ut doloribus.', 'en-Sed qui rerum ea et.', 'ar_Quia corporis quam.', '2021-09-20 10:22:51', '2021-09-20 10:22:51', NULL, 36),
(125, 'ar_Aut quo.', 'en-Totam ipsam.', 'en-Quia repellendus.', 'ar_Accusamus ut aut.', '2021-09-20 10:22:51', '2021-09-20 10:22:51', NULL, 101),
(126, 'ar_Commodi ullam.', 'en-Debitis.', 'en-Quia enim eveniet.', 'ar_Voluptas est rerum.', '2021-09-20 10:22:51', '2021-09-20 10:22:51', NULL, 86),
(127, 'ar_Enim ullam.', 'en-Totam est.', 'en-Accusamus sit.', 'ar_Fugit dolor sequi.', '2021-09-20 10:22:51', '2021-09-20 10:22:51', NULL, 116),
(128, 'ar_Fuga quam.', 'en-Officiis.', 'en-Consectetur natus.', 'ar_Itaque omnis qui.', '2021-09-20 10:22:51', '2021-09-20 10:22:51', NULL, 179),
(129, 'ar_Ea aut.', 'en-Dolorem dolor.', 'en-Ut illo eius qui.', 'ar_Harum unde alias.', '2021-09-20 10:22:51', '2021-09-20 10:22:51', NULL, 136),
(130, 'ar_Architecto.', 'en-Harum aut.', 'en-Occaecati repellat.', 'ar_Accusantium et.', '2021-09-20 10:22:51', '2021-09-20 10:22:51', NULL, 182),
(131, 'ar_Illum suscipit.', 'en-Libero aliquid.', 'en-Deleniti vel velit.', 'ar_Recusandae.', '2021-09-20 10:22:51', '2021-09-20 10:22:51', NULL, 41),
(132, 'ar_In.', 'en-Magnam non.', 'en-Eveniet voluptas.', 'ar_Sed quia ut quidem.', '2021-09-20 10:22:51', '2021-09-20 10:22:51', NULL, 107),
(133, 'ar_Veritatis.', 'en-Error.', 'en-Voluptate dicta.', 'ar_Laborum quis.', '2021-09-20 10:22:51', '2021-09-20 10:22:51', NULL, 1),
(134, 'ar_Ea incidunt.', 'en-Est esse nihil.', 'en-In necessitatibus.', 'ar_Et et maiores.', '2021-09-20 10:22:51', '2021-09-20 10:22:51', NULL, 184),
(135, 'ar_Vel qui.', 'en-Veritatis.', 'en-Similique quisquam.', 'ar_Itaque ut alias.', '2021-09-20 10:22:51', '2021-09-20 10:22:51', NULL, 199),
(136, 'ar_Consequatur.', 'en-Id porro.', 'en-Itaque et ratione.', 'ar_Iure deserunt.', '2021-09-20 10:22:51', '2021-09-20 10:22:51', NULL, 23),
(137, 'ar_Rerum vel iure.', 'en-Facere ratione.', 'en-Qui possimus.', 'ar_Eligendi.', '2021-09-20 10:22:52', '2021-09-20 10:22:52', NULL, 177),
(138, 'ar_Sed cumque.', 'en-Neque fuga ut.', 'en-Laborum eos nihil.', 'ar_Fugit consequatur.', '2021-09-20 10:22:52', '2021-09-20 10:22:52', NULL, 179),
(139, 'ar_Ad aperiam quo.', 'en-Similique.', 'en-Totam nulla eius.', 'ar_Eveniet dolores.', '2021-09-20 10:22:52', '2021-09-20 10:22:52', NULL, 29),
(140, 'ar_Et fugiat.', 'en-Beatae minus.', 'en-Est voluptatum ad.', 'ar_Ut quod deleniti.', '2021-09-20 10:22:52', '2021-09-20 10:22:52', NULL, 51),
(141, 'ar_Incidunt vitae.', 'en-Aut nostrum.', 'en-Ab consequatur sit.', 'ar_Possimus natus nisi.', '2021-09-20 10:22:52', '2021-09-20 10:22:52', NULL, 165),
(142, 'ar_Illo aut.', 'en-Qui nesciunt.', 'en-Sit quis asperiores.', 'ar_Non dolorem.', '2021-09-20 10:22:52', '2021-09-20 10:22:52', NULL, 52),
(143, 'ar_Ad minus fuga.', 'en-Mollitia.', 'en-Ad placeat nesciunt.', 'ar_Voluptas sed ad rem.', '2021-09-20 10:22:52', '2021-09-20 10:22:52', NULL, 76),
(144, 'ar_Quos nobis.', 'en-Quae sint vel.', 'en-Magni cumque.', 'ar_Voluptatem.', '2021-09-20 10:22:52', '2021-09-20 10:22:52', NULL, 128),
(145, 'ar_Perspiciatis.', 'en-Atque delectus.', 'en-Odio nulla.', 'ar_Voluptatem minus.', '2021-09-20 10:22:52', '2021-09-20 10:22:52', NULL, 97),
(146, 'ar_Sunt est.', 'en-Doloremque qui.', 'en-Ipsam aut voluptas.', 'ar_Nesciunt mollitia.', '2021-09-20 10:22:52', '2021-09-20 10:22:52', NULL, 104),
(147, 'ar_Vero autem qui.', 'en-Perferendis.', 'en-Numquam vero quia.', 'ar_Odit veritatis.', '2021-09-20 10:22:52', '2021-09-20 10:22:52', NULL, 145),
(148, 'ar_Non quibusdam.', 'en-Non possimus.', 'en-Doloribus earum.', 'ar_Dolores fugiat.', '2021-09-20 10:22:52', '2021-09-20 10:22:52', NULL, 157),
(149, 'ar_Consequuntur.', 'en-Perspiciatis.', 'en-Velit aut adipisci.', 'ar_Aut in voluptates.', '2021-09-20 10:22:52', '2021-09-20 10:22:52', NULL, 23),
(150, 'ar_Quam quisquam.', 'en-Et et iste.', 'en-Est tempora rerum.', 'ar_Quis est ab.', '2021-09-20 10:22:52', '2021-09-20 10:22:52', NULL, 192),
(151, 'ar_Libero.', 'en-Eius ut.', 'en-Quo non facilis.', 'ar_Voluptatem soluta.', '2021-09-20 10:22:52', '2021-09-20 10:22:52', NULL, 141),
(152, 'ar_Consectetur.', 'en-Sed dolorem.', 'en-Quod qui sequi et a.', 'ar_Et autem beatae ut.', '2021-09-20 10:22:52', '2021-09-20 10:22:52', NULL, 153),
(153, 'ar_Ab in eveniet.', 'en-Amet molestiae.', 'en-Rerum modi fugit.', 'ar_Reprehenderit et.', '2021-09-20 10:22:52', '2021-09-20 10:22:52', NULL, 104),
(154, 'ar_Necessitatibus.', 'en-Ipsa aut quas.', 'en-Sed illo placeat et.', 'ar_Fuga qui nostrum.', '2021-09-20 10:22:52', '2021-09-20 10:22:52', NULL, 106),
(155, 'ar_Quo rerum.', 'en-Praesentium.', 'en-Et corrupti.', 'ar_Dolorum ut ut.', '2021-09-20 10:22:52', '2021-09-20 10:22:52', NULL, 115),
(156, 'ar_Tempora non.', 'en-Eos quas et.', 'en-Explicabo optio.', 'ar_Reprehenderit.', '2021-09-20 10:22:52', '2021-09-20 10:22:52', NULL, 7),
(157, 'ar_Dolore eos.', 'en-Quidem minus.', 'en-Temporibus sint.', 'ar_Enim numquam.', '2021-09-20 10:22:52', '2021-09-20 10:22:52', NULL, 143),
(158, 'ar_Quibusdam.', 'en-Earum.', 'en-Officia et eligendi.', 'ar_Iste facilis.', '2021-09-20 10:22:53', '2021-09-20 10:22:53', NULL, 19),
(159, 'ar_Non cupiditate.', 'en-Eaque.', 'en-Libero sit sed qui.', 'ar_Id nemo assumenda.', '2021-09-20 10:22:53', '2021-09-20 10:22:53', NULL, 34),
(160, 'ar_Expedita quos.', 'en-Reiciendis.', 'en-Nesciunt.', 'ar_Aut at suscipit.', '2021-09-20 10:22:53', '2021-09-20 10:22:53', NULL, 119),
(161, 'ar_Eveniet velit.', 'en-Est veritatis.', 'en-Exercitationem sint.', 'ar_Autem quisquam.', '2021-09-20 10:22:53', '2021-09-20 10:22:53', NULL, 136),
(162, 'ar_Qui officia ea.', 'en-Omnis quae sit.', 'en-Non maxime culpa.', 'ar_Iusto accusamus.', '2021-09-20 10:22:53', '2021-09-20 10:22:53', NULL, 11),
(163, 'ar_Recusandae.', 'en-Quia odio sunt.', 'en-Non dolor qui ut.', 'ar_Amet distinctio.', '2021-09-20 10:22:53', '2021-09-20 10:22:53', NULL, 64),
(164, 'ar_Sed quos sed.', 'en-Laudantium.', 'en-Ut eius in mollitia.', 'ar_Et sunt voluptatem.', '2021-09-20 10:22:53', '2021-09-20 10:22:53', NULL, 66),
(165, 'ar_Sapiente.', 'en-Ut autem hic.', 'en-Quos temporibus.', 'ar_Mollitia omnis.', '2021-09-20 10:22:53', '2021-09-20 10:22:53', NULL, 12),
(166, 'ar_Iure molestiae.', 'en-Deserunt qui.', 'en-Provident incidunt.', 'ar_Mollitia aperiam.', '2021-09-20 10:22:53', '2021-09-20 10:22:53', NULL, 112),
(167, 'ar_Dolorem qui.', 'en-Qui laudantium.', 'en-Et aut suscipit.', 'ar_Quis at maxime eos.', '2021-09-20 10:22:53', '2021-09-20 10:22:53', NULL, 40),
(168, 'ar_Culpa illum.', 'en-Quod sint.', 'en-Dolor dolor optio.', 'ar_Libero culpa.', '2021-09-20 10:22:53', '2021-09-20 10:22:53', NULL, 103),
(169, 'ar_Ducimus quia.', 'en-Doloremque.', 'en-Debitis atque atque.', 'ar_Repellat ut veniam.', '2021-09-20 10:22:53', '2021-09-20 10:22:53', NULL, 19),
(170, 'ar_Ducimus.', 'en-Commodi in.', 'en-Id odit autem aut.', 'ar_Occaecati qui quis.', '2021-09-20 10:22:53', '2021-09-20 10:22:53', NULL, 116),
(171, 'ar_Quis ex nisi.', 'en-Expedita.', 'en-Fuga dolores.', 'ar_Perspiciatis.', '2021-09-20 10:22:53', '2021-09-20 10:22:53', NULL, 175),
(172, 'ar_Reiciendis est.', 'en-Illo deserunt.', 'en-Est esse vitae sit.', 'ar_Inventore et dolor.', '2021-09-20 10:22:53', '2021-09-20 10:22:53', NULL, 139),
(173, 'ar_Eaque et.', 'en-Eius dolor.', 'en-Quo iste ut alias.', 'ar_Quam sunt veritatis.', '2021-09-20 10:22:54', '2021-09-20 10:22:54', NULL, 162),
(174, 'ar_Maxime.', 'en-Natus dolore.', 'en-Quibusdam.', 'ar_Quia blanditiis.', '2021-09-20 10:22:54', '2021-09-20 10:22:54', NULL, 7),
(175, 'ar_Nihil aut esse.', 'en-Quo illum.', 'en-Consequuntur.', 'ar_Aut quis accusamus.', '2021-09-20 10:22:54', '2021-09-20 10:22:54', NULL, 128),
(176, 'ar_Quis numquam.', 'en-Aspernatur.', 'en-Quo enim ut.', 'ar_Quia possimus quis.', '2021-09-20 10:22:54', '2021-09-20 10:22:54', NULL, 182),
(177, 'ar_Eligendi dolor.', 'en-Quae maiores.', 'en-Praesentium.', 'ar_Aut odio tenetur.', '2021-09-20 10:22:54', '2021-09-20 10:22:54', NULL, 57),
(178, 'ar_Sunt dolorem.', 'en-Amet vitae.', 'en-Doloribus nisi.', 'ar_In alias officiis.', '2021-09-20 10:22:54', '2021-09-20 10:22:54', NULL, 36),
(179, 'ar_Deserunt.', 'en-Reiciendis qui.', 'en-Architecto nihil et.', 'ar_Et ratione quae.', '2021-09-20 10:22:54', '2021-09-20 10:22:54', NULL, 18),
(180, 'ar_Quidem ut.', 'en-Consectetur.', 'en-Quae recusandae.', 'ar_Possimus ipsum.', '2021-09-20 10:22:54', '2021-09-20 10:22:54', NULL, 194),
(181, 'ar_Voluptas saepe.', 'en-Esse cum nulla.', 'en-Assumenda sed fugit.', 'ar_Magni architecto.', '2021-09-20 10:22:54', '2021-09-20 10:22:54', NULL, 160),
(182, 'ar_Hic distinctio.', 'en-Ab voluptatem.', 'en-Sit et autem ut.', 'ar_Quia sunt odit.', '2021-09-20 10:22:54', '2021-09-20 10:22:54', NULL, 156),
(183, 'ar_Aut doloremque.', 'en-Ut velit.', 'en-Magni optio omnis.', 'ar_Ex sit voluptas.', '2021-09-20 10:22:54', '2021-09-20 10:22:54', NULL, 71),
(184, 'ar_Repudiandae.', 'en-Qui commodi.', 'en-Inventore.', 'ar_Voluptate eveniet.', '2021-09-20 10:22:54', '2021-09-20 10:22:54', NULL, 192),
(185, 'ar_Et et aut.', 'en-Aut libero.', 'en-Eum autem officiis.', 'ar_Voluptas culpa eum.', '2021-09-20 10:22:54', '2021-09-20 10:22:54', NULL, 43),
(186, 'ar_Eius est porro.', 'en-Officia.', 'en-Veritatis quam nemo.', 'ar_Labore fugit et.', '2021-09-20 10:22:55', '2021-09-20 10:22:55', NULL, 91),
(187, 'ar_Est molestias.', 'en-Voluptatum.', 'en-Accusamus saepe ut.', 'ar_Deleniti alias at.', '2021-09-20 10:22:55', '2021-09-20 10:22:55', NULL, 180),
(188, 'ar_Esse fugit.', 'en-Perspiciatis.', 'en-Sequi voluptatibus.', 'ar_Molestias officiis.', '2021-09-20 10:22:55', '2021-09-20 10:22:55', NULL, 36),
(189, 'ar_Veritatis.', 'en-Sunt sunt.', 'en-Est ipsam mollitia.', 'ar_Aut deserunt sit.', '2021-09-20 10:22:55', '2021-09-20 10:22:55', NULL, 69),
(190, 'ar_Quo sequi vero.', 'en-Quo aut enim.', 'en-Dolor et veritatis.', 'ar_Reiciendis aut.', '2021-09-20 10:22:55', '2021-09-20 10:22:55', NULL, 15),
(191, 'ar_Veniam nisi.', 'en-Enim.', 'en-Quaerat veniam.', 'ar_Voluptas expedita.', '2021-09-20 10:22:55', '2021-09-20 10:22:55', NULL, 194),
(192, 'ar_Dolores.', 'en-Aut rem.', 'en-Id consequatur non.', 'ar_Tempore dolores.', '2021-09-20 10:22:55', '2021-09-20 10:22:55', NULL, 27),
(193, 'ar_Nihil minima.', 'en-At quibusdam.', 'en-Ipsam magnam ut.', 'ar_Molestias excepturi.', '2021-09-20 10:22:55', '2021-09-20 10:22:55', NULL, 128),
(194, 'ar_Vel sit.', 'en-Sit blanditiis.', 'en-Autem dignissimos.', 'ar_Neque cum enim.', '2021-09-20 10:22:55', '2021-09-20 10:22:55', NULL, 55),
(195, 'ar_Explicabo.', 'en-Quod deserunt.', 'en-Nobis beatae velit.', 'ar_At perferendis.', '2021-09-20 10:22:55', '2021-09-20 10:22:55', NULL, 75),
(196, 'ar_Deserunt enim.', 'en-Et corporis ut.', 'en-Deserunt quasi ipsa.', 'ar_Aut aut illum.', '2021-09-20 10:22:55', '2021-09-20 10:22:55', NULL, 155),
(197, 'ar_Corrupti.', 'en-Perferendis.', 'en-Neque molestiae.', 'ar_Quos praesentium.', '2021-09-20 10:22:55', '2021-09-20 10:22:55', NULL, 75),
(198, 'ar_A in.', 'en-Sed cum.', 'en-Culpa temporibus.', 'ar_Fugit natus.', '2021-09-20 10:22:55', '2021-09-20 10:22:55', NULL, 196),
(199, 'ar_Ut accusantium.', 'en-Adipisci et.', 'en-Iste autem quis.', 'ar_Delectus ducimus.', '2021-09-20 10:22:56', '2021-09-20 10:22:56', NULL, 131),
(200, 'ar_Numquam.', 'en-Sed commodi.', 'en-Dolore voluptates.', 'ar_Nulla nesciunt.', '2021-09-20 10:22:56', '2021-09-20 10:22:56', NULL, 51);

-- --------------------------------------------------------

--
-- بنية الجدول `users`
--

CREATE TABLE `users` (
  `id` bigint(20) UNSIGNED NOT NULL,
  `name` varchar(255) COLLATE utf8mb4_unicode_ci NOT NULL,
  `email` varchar(255) COLLATE utf8mb4_unicode_ci NOT NULL,
  `email_verified_at` timestamp NULL DEFAULT NULL,
  `password` varchar(255) COLLATE utf8mb4_unicode_ci NOT NULL,
  `remember_token` varchar(100) COLLATE utf8mb4_unicode_ci DEFAULT NULL,
  `created_at` timestamp NULL DEFAULT NULL,
  `updated_at` timestamp NULL DEFAULT NULL
) ENGINE=InnoDB DEFAULT CHARSET=utf8mb4 COLLATE=utf8mb4_unicode_ci;

--
-- Indexes for dumped tables
--

--
-- Indexes for table `attributes`
--
ALTER TABLE `attributes`
  ADD PRIMARY KEY (`id`),
  ADD KEY `attributes_product_id_foreign` (`product_id`);

--
-- Indexes for table `categories`
--
ALTER TABLE `categories`
  ADD PRIMARY KEY (`id`);

--
-- Indexes for table `failed_jobs`
--
ALTER TABLE `failed_jobs`
  ADD PRIMARY KEY (`id`),
  ADD UNIQUE KEY `failed_jobs_uuid_unique` (`uuid`);

--
-- Indexes for table `migrations`
--
ALTER TABLE `migrations`
  ADD PRIMARY KEY (`id`);

--
-- Indexes for table `options`
--
ALTER TABLE `options`
  ADD PRIMARY KEY (`id`),
  ADD KEY `options_attribute_id_foreign` (`attribute_id`),
  ADD KEY `options_product_id_foreign` (`product_id`);

--
-- Indexes for table `password_resets`
--
ALTER TABLE `password_resets`
  ADD KEY `password_resets_email_index` (`email`);

--
-- Indexes for table `personal_access_tokens`
--
ALTER TABLE `personal_access_tokens`
  ADD PRIMARY KEY (`id`),
  ADD UNIQUE KEY `personal_access_tokens_token_unique` (`token`),
  ADD KEY `personal_access_tokens_tokenable_type_tokenable_id_index` (`tokenable_type`,`tokenable_id`);

--
-- Indexes for table `products`
--
ALTER TABLE `products`
  ADD PRIMARY KEY (`id`);

--
-- Indexes for table `product_category`
--
ALTER TABLE `product_category`
  ADD PRIMARY KEY (`id`),
  ADD KEY `product_category_product_id_foreign` (`product_id`),
  ADD KEY `product_category_category_id_foreign` (`category_id`);

--
-- Indexes for table `product_images`
--
ALTER TABLE `product_images`
  ADD PRIMARY KEY (`id`),
  ADD KEY `productimages_product_id_foreign` (`product_id`);

--
-- Indexes for table `statements`
--
ALTER TABLE `statements`
  ADD PRIMARY KEY (`id`),
  ADD KEY `statements_product_id_foreign` (`product_id`);

--
-- Indexes for table `users`
--
ALTER TABLE `users`
  ADD PRIMARY KEY (`id`),
  ADD UNIQUE KEY `users_email_unique` (`email`);

--
-- AUTO_INCREMENT for dumped tables
--

--
-- AUTO_INCREMENT for table `attributes`
--
ALTER TABLE `attributes`
  MODIFY `id` bigint(20) UNSIGNED NOT NULL AUTO_INCREMENT, AUTO_INCREMENT=301;

--
-- AUTO_INCREMENT for table `categories`
--
ALTER TABLE `categories`
  MODIFY `id` bigint(20) UNSIGNED NOT NULL AUTO_INCREMENT, AUTO_INCREMENT=22;

--
-- AUTO_INCREMENT for table `failed_jobs`
--
ALTER TABLE `failed_jobs`
  MODIFY `id` bigint(20) UNSIGNED NOT NULL AUTO_INCREMENT;

--
-- AUTO_INCREMENT for table `migrations`
--
ALTER TABLE `migrations`
  MODIFY `id` int(10) UNSIGNED NOT NULL AUTO_INCREMENT, AUTO_INCREMENT=13;

--
-- AUTO_INCREMENT for table `options`
--
ALTER TABLE `options`
  MODIFY `id` bigint(20) UNSIGNED NOT NULL AUTO_INCREMENT, AUTO_INCREMENT=401;

--
-- AUTO_INCREMENT for table `personal_access_tokens`
--
ALTER TABLE `personal_access_tokens`
  MODIFY `id` bigint(20) UNSIGNED NOT NULL AUTO_INCREMENT;

--
-- AUTO_INCREMENT for table `products`
--
ALTER TABLE `products`
  MODIFY `id` bigint(20) UNSIGNED NOT NULL AUTO_INCREMENT, AUTO_INCREMENT=301;

--
-- AUTO_INCREMENT for table `product_category`
--
ALTER TABLE `product_category`
  MODIFY `id` bigint(20) UNSIGNED NOT NULL AUTO_INCREMENT, AUTO_INCREMENT=536;

--
-- AUTO_INCREMENT for table `product_images`
--
ALTER TABLE `product_images`
  MODIFY `id` bigint(20) UNSIGNED NOT NULL AUTO_INCREMENT, AUTO_INCREMENT=203;

--
-- AUTO_INCREMENT for table `statements`
--
ALTER TABLE `statements`
  MODIFY `id` bigint(20) UNSIGNED NOT NULL AUTO_INCREMENT, AUTO_INCREMENT=201;

--
-- AUTO_INCREMENT for table `users`
--
ALTER TABLE `users`
  MODIFY `id` bigint(20) UNSIGNED NOT NULL AUTO_INCREMENT;

--
-- قيود الجداول المحفوظة
--

--
-- القيود للجدول `attributes`
--
ALTER TABLE `attributes`
  ADD CONSTRAINT `attributes_product_id_foreign` FOREIGN KEY (`product_id`) REFERENCES `products` (`id`) ON DELETE CASCADE ON UPDATE CASCADE;

--
-- القيود للجدول `options`
--
ALTER TABLE `options`
  ADD CONSTRAINT `options_attribute_id_foreign` FOREIGN KEY (`attribute_id`) REFERENCES `attributes` (`id`) ON DELETE CASCADE ON UPDATE CASCADE,
  ADD CONSTRAINT `options_product_id_foreign` FOREIGN KEY (`product_id`) REFERENCES `products` (`id`) ON DELETE CASCADE ON UPDATE CASCADE;

--
-- القيود للجدول `product_category`
--
ALTER TABLE `product_category`
  ADD CONSTRAINT `product_category_category_id_foreign` FOREIGN KEY (`category_id`) REFERENCES `categories` (`id`) ON DELETE CASCADE ON UPDATE CASCADE,
  ADD CONSTRAINT `product_category_product_id_foreign` FOREIGN KEY (`product_id`) REFERENCES `products` (`id`) ON DELETE CASCADE ON UPDATE CASCADE;

--
-- القيود للجدول `product_images`
--
ALTER TABLE `product_images`
  ADD CONSTRAINT `productimages_product_id_foreign` FOREIGN KEY (`product_id`) REFERENCES `products` (`id`) ON DELETE CASCADE ON UPDATE CASCADE;

--
-- القيود للجدول `statements`
--
ALTER TABLE `statements`
  ADD CONSTRAINT `statements_product_id_foreign` FOREIGN KEY (`product_id`) REFERENCES `products` (`id`) ON DELETE CASCADE ON UPDATE CASCADE;
COMMIT;

/*!40101 SET CHARACTER_SET_CLIENT=@OLD_CHARACTER_SET_CLIENT */;
/*!40101 SET CHARACTER_SET_RESULTS=@OLD_CHARACTER_SET_RESULTS */;
/*!40101 SET COLLATION_CONNECTION=@OLD_COLLATION_CONNECTION */;
